Topic,Representative_Docs
-1,"마약범죄 척결을 위해 전담인력만 840명에 달하는 범정부 특별수사본부가 출범했다. 마약 관련 수사본부로는 역대 최대 규모로 ‘마약과의 전쟁’에 본격적으로 나선 모양새다.
대검찰청 경찰청 관세청은 10일 교육부 식품의약품안전처 서울시 등과 함께 ‘마약범죄 대응 유관기관 협의회’를 열고 범정부 차원에서 ‘마약범죄 특별수사본부’(공동본부장 신봉수 대검 반부패.."
-1,"집행유예 기간 중 마약을 투약한 혐의를 받는 인플루언서 황하나(33)씨가 7일 구속됐다.

권경선 서울서부지법 영장전담판사는 이날 마약류 관리에 관한 법률 위반 혐의를 받는 황씨의 구속 전 피의자 심문(영장실질심사)을 진행한 후 구속 영장을 발부했다. 권 판사는 “증거인멸과 도주 우려가 있다”고 구속 사유를 설명했다.

황씨는 오전 심문을 마치고 나오며.."
-1,"올해 10대 등 젊은 층을 중심으로 마약사범이 역대 최고치로 치솟을 것이란 전망에 검찰이 ‘마약과의 전쟁’에 나섰다. 서울 인천 부산 광주 등 4대 검찰청에 ‘마약범죄 특별수사팀’을 설치해 전국적인 단속을 한다.
 
 
 한동훈 법무부 장관이 대검찰청에 지난 13일 “마약류 범죄에 엄정 대응하라”며 “전쟁을 치른다는 각오로 최선을 다하라”라고 지시한 데.."
-1,"◇“지금 확산세 못 꺾으면 통제불능 임계치 넘어설 것”
지난 7월 초 발생한 서울 ‘강남 유흥주점 마약 사망사건’은 현재 우리 사회에 마약이 얼마나 흔하게 번져 일상화했는지를 새삼 드러낸 충격적 부표다. 하지만 전문가들은 그조차도 빙산의 일각에 불과하다고 입을 모은다. 당시 손님과 종업원을 사망에 이르게 한 문제의 마약은 필로폰(메스암페타민)인 것으로 .."
-1,"“살려주세요. 마약을 했어요.” 지난 8일 오후 8시쯤 서울 강남구의 한 편의점에서 30대 여성이 점원에게 이렇게 말했다. 횡설수설하듯 기이한 행동에 점원은 경찰에 신고했다. 현장에 출동한 경찰이 마약 반응 검사를 한 결과 실제로 양성 반응이 나왔다. 경찰은 여성이 조사를 받을 수 없는 상황이라고 판단해 우선 귀가시켰다. 
 
 같은 날 오전 3시쯤엔 .."
0,"마약 투약으로 유죄가 선고된 뒤 집행유예 기간에 또다시 마약을 투약한 혐의로 기소된 황하나(34)씨가 대법원에서 징역형이 확정됐다. 
 
대법원 2부(주심 이동원 대법관)는 지난 1월 21일 마악류관리에 관한 법률 위반 등 혐의로 기소된 황씨에게 징역 1년 8개월을 선고한 원심을 확정했다. 추징금 50만원도 그대로 유지됐다. 
 
황씨는 지난 2020년.."
0,"마약 투약 혐의로 유죄가 선고된 뒤 형 집행 유예 기간에 또다시 마약을 투약한 혐의 등으로 구속기소 된 황하나(33)씨가 항소심에서 감형됐다. 
 
 서울서부지법 형사항소 1-1부(성지호 부장판사)는 15일 마약류 관리에 관한 법률 위반 등 혐의로 기소된 황씨에게 징역 2년을 선고한 원심판결을 파기하고 징역 1년 8개월을 선고했다. 추징금은 40만원에서.."
0,"아이돌 그룹 '아이콘' 전 멤버 비아이(본명 김한빈)의 마약 투약 혐의 수사를 무마하려 한 혐의를 받는 양현석 전 YG 엔터테인먼트 대표가 1심에서 무죄 판결을 받은 것에 대해 검찰이 항소했다. 
 
 28일 법조계에 따르면 검찰은 이날 해당 사건을 심리한 서울중앙지법 형사합의23부(부장판사 조병구)에 항소장을 제출했다. 
 양현석 전 YG엔터테인먼트 .."
0,"집행유예 기간 중 다시 마약을 투약한 혐의 등으로 재판에 넘겨진 남양유업 창업주의 외손녀 황하나(33)씨가 항소심에서도 실형을 선고받았다. 
 
 서울서부지법 형사항소1-1부(부장판사 성지호)는 15일 마약류 관리에 관한 법률 위반 등 혐의로 기소된 황씨의 항소심에서 징역 1년 8개월을 선고하고 추징금 50만원을 명령했다. 앞서 1심 재판부는 징역 2년.."
0,"마약 혐의 처벌 집행유예 기간 중 또 마약을 투약한 혐의 등으로 재판에 넘겨진 남양유업 창업주 외손녀 황하나 씨가 실형을 최종 확정받았다. 
 
4일 법조계에 따르면 대법원 2부(주심 이동원 대법관)는 최근 마약류 관리에 관한 법률 위반(향정) 등 혐의로 기소된 황 씨의 상고심에서 징역 1년8개월에 추징금 50만 원을 명령한 원심을 확정했다. 
 
앞서.."
1,"더불어민주당과 정의당, 기본소득당과 무소속 등 범야권 의원 181명이 이태원 핼러윈 참사의 진상 규명을 위한 국정조사 요구서를 9일 국회에 제출했다. 대통령실은 “이 슬픔은 정치에 활용돼서는 안 된다”고 했고, 국민의힘은 “강제력이 없는 국정조사는 정쟁만 일으킬 뿐”이라고 반발했다. 다만 국민의힘 내에서도 “범야권이 손잡고 단독 처리하면 막을 수단도, .."
1,"더불어민주당 등 야 3당 '이태원 참사' 진상규명을 위한 국정조사 요구서를 제출한 가운데 여권이 10일 수사를 통한 진상규명을 강조하며 반대입장을 재확인했다. 민주당은 여당의 불참시 야권 단독으로 특위구성에 나선다는 계획이어서 여야간의 정치적 충돌이 불가피할 전망이다. 
 








 


더불어민주당 등 야 3당이 제출한 '이태원 압사 참사'의 .."
1,"더불어민주당과 정의당, 기본소득당이 9일 이태원 핼러윈 참사 진상규명을 위한 국정조사 요구서를 국회에 공동 제출했다. 국민의힘은 국정조사 요구서 제출에 동참하지 않았다. 민주당은 국민의힘이 국정조사를 거부하면 야당 단독으로라도 추진하겠다고 밝혔다. 대통령실은 “슬픔을 정치에 활용해선 안 된다”며 부정적인 입장을 밝혔다.

위성곤 민주당 원내수석부대표, .."
1,"더불어민주당과 정의당, 기본소득당이 9일 이태원 핼러윈 참사 진상규명을 위한 국정조사 요구서를 국회에 공동 제출했다. 국민의힘은 국정조사 요구서 제출에 동참하지 않았다. 민주당은 국민의힘이 국정조사를 거부하면 야당 단독으로라도 추진하겠다고 밝혔다. 대통령실은 “슬픔을 정치에 활용해선 안 된다”며 부정적인 입장을 밝혔다.

위성곤 민주당 원내수석부대표, .."
1,"더불어민주당과 정의당, 기본소득당 등 범야권 3당이 9일 ‘이태원 압사 참사’와 관련한 국정조사 요구서를 제출했다. 국민의힘은 현재 수사가 진행 중인데 국정조사까지 한다는 것은 정치적 의도가 있다며 거부했다. 김진표 국회의장은 여당이 거부 의사를 표한 것과 관련해 “대형 참사가 발생했을 때, 수사와 국정조사가 함께 진행됐다”며 협조를 요청하는 한편 야당.."
2,"영화는 관객과 끊임없이 대화한다. 텔레비전을 ‘바보 상자’라고 부르는 관점에서는 받아들이기 어려운 이야기일 수 있다. 영화관에 가만히 앉아서 스크린을 지나치는 그림들을 바라보는 동안 어떤 소통이, 누구와 일어난단 말인가?
사실 영화와의 대화는 영화관을 나서는 순간부터 시작된다. 관객은 줄거리부터 소품까지 영화에 담겼던 내용들을 되새김질하면서 영화관에서 .."
2,에밀리 블런트는 ‘센 언니’로 획을 그은 배우다. 2014년 외계인과의 전쟁을 그린 SF 액션 ‘엣지 오브 투모로우’에서 그녀는 연합군 최고의 병사(리타 브라타스키)로 등장해 절대 죽을 것 같지 않은 불도장을 남겼다. 이듬해 드니 빌뇌브 감독의 범죄 드라마 ‘시카리오: 암살자의 도시’에서는 마약 조직을 소탕하는 최정예 FBI 요원으로 관객을 사로잡았다...
2,"■ 영화에 대한 영화 ‘바빌론’‘이마 베프’



바빌론



마약 술 취한 광란의 할리우드

꿈 좇는 스태프와 배우들 조명

거친 버전의‘라라랜드’ 연상케



이마 베프



프랑스 영화 주연 섭외된 장만옥

무력감 빠져버린 제작진 만나

스크린에 비친 ‘예술적 이미지’‘극장의 위기’라고 한다. ‘영화 본다’고 하면, 온라인동영상서비스(OTT)를 컴.."
2,"1920년대 꿈과 환락의 무대 할리우드, 잭 콘래드(브래드 피트)는 누구나 한 번쯤 만나고 싶어하는 당대 최고의 배우다. 가난한 배우 지망생 넬리 라로이(마고 로비)는 어느 날 파티에 갔다가 우연히 영화에 캐스팅되고, 벼락스타로 떠오른다. 영화에 대한 열정으로 가득찬 이민자 출신 마누엘 토레스(디에고 칼바)는 제작사 직원으로 할리우드에 입성한다. 
 
.."
2,"영화를 사랑하는 사람이라면 ‘필관(필수 관람)’ 할 만한 작품이 개봉했다. 할리우드가 사랑하는 신예 데이미언 셔젤 감독이 5년 만에 가지고 돌아온 영화 ‘바빌론’이다. 영화는 향락에 찌들었지만 영화에 대한 애정과 집념으로 가득했던 1920년대 할리우드의 명암을 스크린에 담아냈다. 189분이라는 긴 러닝타임 압박에도 화려한 음악 속 브래드 피트, 마고 로.."
3,"부상자 100명 발생 심정지 환자 많아 사망자 더 늘어날듯



핼러윈 앞둔 주말 수만명 인파 “앞에서 갑자기 다 넘어져 깔려”



경찰, 재난대책본부 구성 사상자 신원 확인 피해자 지원 총력29일 밤 서울 용산구 이태원동 일대에 핼러윈을 앞두고 수만 명의 인파가 몰리면서 이태원 해밀톤 호텔 근처에서 대형 압사 참사가 났다. 30일 오전 2시 40분 .."
3,"지난 29일 발생한 ‘이태원 압사 참사’는 주최 측 없는 행사라는 이유로 안전사고 위험을 방치했다는 지적이 나오고 있다. 경찰은 핼러윈 행사가 열리기 전부터 이태원 일대에 10만명 이상의 인파가 몰릴 것을 알고도 안전사고에 대한 대책을 마련하지 않았고, 주최 측이 없는 행사와 관련한 자체 매뉴얼조차 없던 것으로 드러났다. 
 폴리스라인 설치된 참사 현장.."
3,서울 이태원 거리에서 하룻밤 새 150명 이상이 사망하는 최악의 압사 사고가 발생했다. 삽시간에 몰린 인파로 사고 현장이 통제불능 상태가 되면서 손 쓸 겨를도 없이 참극이 빚어졌다. 사회적 거리두기 해제로 3년 만의 ‘노마스크’ 핼러윈 행사가 가능해지면서 10만명 이상이 운집할 것으로 예상됐음에도 관계 당국과 인근 상인회의 현장 관리 등 안전 조치가 안..
3,"이태원 참사 당시 현장 인근에 배치된 경찰 형사인력이 사고 발생 29분 뒤 현장에 투입된 것으로 나타났다. 경찰은 사고 당일 핼러윈 파티가 열린 이태원 일대에 마약 강력범죄 담당 형사인력을 대거 배치했으나 정작 마약단속 실적은 ‘0건’이었다. 
 지난 3일 오후 서울 용산구 이태원동 이태원역 출구에 마련된 추모공간이 희생자를 위해 남겨진 메시지와 조화로.."
3,서울 이태원 거리에서 하룻밤 새 150명 넘게 사망하는 최악의 압사 사고가 발생했다. 몰려든 인파로 사고 현장이 삽시간에 통제불능 상태가 되면서 손쓸 겨를도 없이 참극이 빚어졌다. 사회적 거리두기 해제로 3년 만의 ‘노마스크’ 핼러윈 행사가 가능해지면서 10만명 이상이 운집할 것으로 예상됐음에도 관계 당국과 인근 상인회의 현장 관리 등 안전 조치가 안일..
4,"법무부 △대변인 박철우 △인권국장 이상갑 △형사사법공통시스템운영단장 박윤석 △법무과장 정지영 △통일법무 장소영 △법조인력 정수진 △검찰과 검사 조영희 △형사기획과장 류국량 △ 과 검사 정윤식 △공공형사과장 차순길 △ 과 검사 이주현 △국제형사과장 김윤선 △형사법제 이응철 
 
 법무연수원 △총괄교수 이문한(법무연수원 기획부장 직무대리) △교수 조남.."
4,◆법무부 <법무부> △형사사법공통시스템운영단장 원지애 ◇검사 △감찰담당관실 박대환 조철 △법무심의관실 석수민 △국제분쟁대응과 이성직 △검찰과 최수봉 △형사기획과 문종배 △공공형사과 진세언 ◇과장 △법무 최재아 △통일법무 김태헌 △법조인력 이준호 △형사기획 용성진 △공공형사 박규형 △국제형사 이지형 △형사법제(법령제도개선TF팀장 겸직) 윤원기 △인권조사 ..
4,"◇ 법무부 ▲ 장관정책보좌관 양선순 ▲ 대변인 박현주 ▲ 감찰담당관 임은정 ▲ 감찰담당관실 검사 임삼빈 안광현 ▲ 형사사법공통시스템운영단장 한제희 ▲ 법무과장 정지은 ▲ 법조인력과장 이정배 ▲ 검찰과장 주민철 ▲ 검찰과 검사 박양호 ▲ 형사기획과장 이응철 ▲ 공공형사과장 이성식 ▲ 국제형사과장 나욱진 ▲ 형사법제과장 문지선 ▲ 인권조사과장 박현규 
 
.."
4,"[인사] 법무부 
◇법무부 ▲감찰담당관실 검사 박대환 조철 ▲형사사법공통시스템운영단장 원지애 ▲법무심의관실 검사 석수민 ▲법무과장 최재아 ▲국제분쟁대응과 검사 이성직 ▲통일법무과장 김태헌 ▲법조인력과장 이준호 ▲검찰과 검사 최수봉 ▲형사기획과장 용성진 ▲형사기획과 검사 문종배 ▲공공형사과장 박규형 ▲공공형사과 검사 진세언 ▲국제형사과장 이지형 ▲형사법제.."
4,법무부 ◆법무부 △감찰담당관실 검사 박대환 조철 △형사사법공통시스템운영단장 원지애 △법무심의관실 검사 석수민 △법무과장 최재아 △국제분쟁대응과 검사 이성직 △통일법무과장 김태헌 △법조인력과장 이준호 △검찰과 검사 최수봉 △형사기획과장 용성진 △형사기획과 검사 문종배 △공공형사과장 박규형 △공공형사과 검사 진세언 △국제형사과장 이지형 △형사법제과장 윤원기..
5,"마약 정책을 두고 평행선을 달리던 미국과 멕시코가 일명 ‘좀비 마약’으로 불리는 펜타닐 문제에 대해서만큼은 한목소리를 내기 시작했다. 펜타닐을 막기 위해선 중국에 대한 견제가 필요하다는 공감대가 형성됐기 때문이다. 
 
안드레스 마누엘 로페스 오브라도르 멕시코 대통령은 10일(현지 시각) 정례 기자회견에서 “펜타닐 대책 협의를 위해 정부 관계자가 이번 .."
5,"마약 문제를 두고 서로 상대 탓을 해오던 미국과 멕시코가 일명 ‘좀비 마약’으로 불리는 펜타닐 문제에 대해서만큼은 한목소리를 내기 시작했다. 펜타닐을 막기 위해선 중국에 대한 견제가 필요하다는 공감대가 형성된 것이다. 
 
안드레스 마누엘 로페스 오브라도르 멕시코 대통령은 10일(현지 시각) 정례 기자회견에서 “펜타닐 대책 협의를 위해 정부 관계자가 이.."
5,"가옥들이 빽빽이 밀집된 마을 한복판에서 연신 기관총 소리가 들리고, 총성에 놀란 사람들은 몸을 떨며 엎드려 있다. 이 와중에 범죄 조직원들은 차량을 불태우며 맹렬히 저항한다. 
 
 지난 5일(현지시간) 멕시코 군 당국은 멕시코 북부 시날로아주(州) 쿨리아칸 외곽에 있는 헤수스 마리아에서 벌어진 ‘범죄와의 전쟁’을 담은 이같은 생생한 현장 영상을 전격 .."
5,"멕시코의 전설적인 마약왕 ‘엘 차포’의 아들이 5일(현지시간) 대규모 병력을 동원한 군사 작전 끝에 전격 체포됐다. 그가 이끄는 마약 밀매 조직은 최근 미국 사회에서 심각한 문제를 일으키고 있는 죽음의 마약 ‘펜타닐’의 주요 공급처 중 하나로, 미국은 오랫동안 그의 신병 인도를 멕시코에 요구해 왔다. 이번 작전은 오는 9일 있을 북미 정상회담을 앞두고 .."
5,"멕시코의 전설적인 마약왕 ‘엘 차포’의 아들인 갱단 실권자 오비디오 구스만이 멕시코 정부의 대규모 병력을 동원한 군사 작전 끝에 전격 체포됐다.

멕시코 일간 엘우니베르살 등에 따르면 멕시코 국가방위대와 군은 5일(현지시간) 새벽 시날로아주 쿨리아칸 외곽 헤수스 마리아에서 악명 높은 마약조직 시날로아 카르텔의 실질적인 지도자 오비디오 구스만을 체포해서 .."
6,"부산 해운대 도심 한복판을 시속 140㎞로 질주해 7중 추돌사고를 내 7명에게 중경상을 입힌 포르쉐 차량의 운전자는 차 안에서 대마를 흡입, 환각 상태에서 운전대를 잡았던 것으로 드러났다. 이 사고에 앞서 다른 곳에서 2차례 사고를 내고 뺑소니를 치던 중이었던 것도 확인됐다. 
 
15일 부산경찰청에 따르면 전날 해운대 중동 교차로에서 7중 추돌사고를 .."
6,"40대 운전자 경찰 조사에서 ‘차 안에서 대마 흡입’ 자백

 

지난 14일 부산 해운대 도심의 7중 추돌사고 원인은 운전자의 ‘환각 질주’ 때문인 것으로 나타났다. 부산경찰청은 마약 투약 혐의로 7중 추돌사고를 낸 포르쉐 운전자 A(40대) 씨를 조사하고 있다고 15일 밝혔다. 

 

A 씨는 이날 경찰 조사에서 사고 직전 차량 안에서 대마를 흡입.."
6,"지난 14일 오후 5시43분 부산 해운대구 중동역 인근 교차로에서 7중 추돌 사고를 낸 검은색 포르쉐 차량(왼쪽)이 완파돼 뒤집혀 있다. 이 사고로 운전자 등 7명이 다쳐 병원으로 옮겨졌다고 한다. 부산소방재난본부 제공 
 부산 도심 한복판에서 ‘광란의 질주’란 표현이 나올 정도로 과속 운전을 하다 연쇄 사고를 낸 데 이어 7중 추돌 사고까지 내 일대를.."
6,"부산 해운대 도심 한복판을 과속 질주해 7중 추돌 사고를 내고 7명을 다치게 한 포르쉐 차량 운전자 A씨가 대마를 흡연한 상태에서 운전대를 잡았던 것으로 드러났다. 앞서 A씨는 경찰 조사에서 마약류 사용을 완강히 부인하며 마약 검사에 응하지 않았지만, 거듭된 검사 회피 이유 추궁에 결국 대마초 흡입 사실을 털어놨다. 대마는 최초 동승자에게 건네받아 흡연.."
6,"부산 해운대에서 광란의 질주로 7중 추돌사고를 낸 포르쉐 운전자가 차량에서 대마초를 흡입한 뒤 운전한 것으로 드러났다. 이 운전자는 대마초 흡입 후 2차례의 접촉 사고를 낸 뒤 도망가는 과정에서 7중 추돌사고를 낸 것으로 확인됐다.
15일 부산경찰청에 따르면 전날 해운대 중동 교차로에서 7중 추돌사고를 낸 포르쉐 차량 운전자인 40대 A씨는 사고를 내기.."
7,"90만명이 동시에 투약할 수 있는 분량의 필로폰을 미국에서 국내로 몰래 들여온 마약 밀수 조직원들이 재판에 넘겨졌다. 
 
인천지검 강력범죄수사부(부장 김연실)는 특정범죄 가중처벌 등에 관한 법률 위반 혐의로 A(29)씨 등 마약 밀수 조직의 수령책 관리책 6명을 구속 기소했다고 12일 밝혔다. 
 
또 이들의 도피를 도운 혐의로 B(29)씨 등 4명을.."
7,"각설탕 시리얼 속에 마약 은닉 90만명분 밀수 조직 적발

한미 공조로 조직원 검거 수령책 관리책 등 6명 구속기소인천=지건태 기자

지난해 미국에서 국내로 흘러들어온 필로폰 유통의 71%를 맡았던 국제마약조직 일당이 검찰에 적발돼 재판에 넘겨졌다. 이들이 몰래 들여온 필로폰 27.5kg은 시가로 약 900억원어치로 90만여 명이 동시에 투약할 수 있는.."
7,"밀수입 필로폰 수도권에 유통 해외 체류 공급 총책 인터폴 수배

밀수입한 100억 원 상당의 필로폰을 원룸에 보관해 놓고 유통한 일당이 경찰에 붙잡혔다.



서울경찰청 마약범죄수사대는 동남아시아에서 밀수입한 필로폰을 수도권에 유통하거나 이를 거래한 혐의(마약류관리에관한법률 위반) 등으로 9명을 검거하고 그중 3명을 구속했다고 28일 밝혔다. 해외에 체.."
7,"90만명이 동시에 투약할 수 있는 분량의 필로폰을 미국에서 몰래 들여온 마약 밀수 조직원들이 기소됐다. 
 
인천지검 강력범죄수사부(부장검사 김연실)는 특정범죄 가중처벌 등에 관한 법률상 향정 혐의로 A씨(29) 등 마약 밀수 조직의 수령책 관리책 6명을 구속 기소했다고 12일 밝혔다. 
 
검찰은 또 이들의 도피를 도운 혐의로 B씨(29) 등 4명을 .."
7,"밀수입한 대량의 필로폰을 원룸에 보관해 놓고 유통한 일당이 경찰에 붙잡혔다. 
 
 서울경찰청 마약범죄수사대는 동남아시아에서 밀수입한 필로폰을 다른 사람 명의로 얻어둔 원룸에 보관하며 수도권에 유통하거나 이를 거래한 혐의(마약류관리에관한법률 위반) 등으로 9명을 검거하고 그중 3명을 구속했다고 28일 밝혔다. 
 
 해외에 체류 중인 공급 총책 A(42.."
8,"“트럼프는 무죄” vs “트럼프를 가둬라” 
 국가기밀 불법 반출 및 사법 방해 등 혐의로 기소된 도널드 트럼프 전 미국 대통령이 플로리다주 마이애미 연방법원에 출석한 13일(현지시간) 미국 사회는 다시 둘로 쪼개졌다. 트럼프 지지자들과 그를 반대하는 사람들이 빚어낸 극명한 분열상이었다. 
 
 트럼프 전 대통령은 이날 오후 1시 35분 공화당을 상징하.."
8,"도널드 트럼프 미국 대통령과 민주당 대통령 후보 조 바이든 전 부통령 간 대통령 후보 1차 TV 토론은 혼돈 그 자체였다. 두 후보와 주최 측이 사전에 약속한 규칙은 지켜지지 않았고, 후반부로 가서는 사회자도 질문을 잊을 정도로 엉망진창이 됐다. 역대 가장 큰 혼란 속에 진행 중인 선거 모습이 토론회에서도 그대로 드러났다. 
 
 시작부터 심상치 않은 .."
8,"‘트럼프는 전체 분위기를 흐릴 정도로 끼어들기를 일삼았고, 바이든은 예상보다 실수를 범하지 않으며 트럼프를 공격했다.’

 29일(현지시각) 밤 열린 도널드 트럼프 미국 대통령과 민주당의 조 바이든 전 부통령의 첫 대선 후보 텔레비전 토론은 간단히 말해 이렇게 정리할 수 있다. 대선(11월3일)을 35일 앞두고 마주 선 두 사람은 코로나19, 경제, 인.."
8,"""이것은 미국이 아니다."" 
 지난 6일(현지시간) 도널드 트럼프 대통령의 극렬 지지자들이 워싱턴DC 연방의회에 난입하는 초유의 사태가 벌어지자 유럽연합(EU)의 외교수장 격인 호세프 보렐 외교안보정책 고위대표가 내놓은 탄식이다. 그도 그럴 것이 현장 영상에선 '민주주의의 교과서'로 불리며, 분열된 국제사회의 컨센서스를 만들어내고, 분쟁과 갈등에 개입해.."
8,"트럼프 캠프, 지난 9월 선거자금 
바이든 캠프에 1억 3600만 달러(1558억원) 밀려 
바이든 차남 헌터 은밀한 사생활 동영상 유출 
추가 폭로 배제 못해 사상 최악 대선 우려 
 
 
올해 미국 대선은 예상대로 신종 코로나바이러스감염증(코로나19) 선거가 됐다. 코로나19가 모든 이슈를 잡아먹는 블랙홀 역할을 하고 있다. 
 
코로나19가 미국 .."
9,"해외에서 밀반입한 마약류를 텔레그램등을 통해 비대면 방식 등으로 판매한 일당이 경찰에 붙잡혔다.

강원경찰청 마약범죄수사대는 마약류관리에 관한 법률 위반 혐의로 국내 총책 A씨와 판매책 등 16명을 검거해 이중 10명을 구속했다고 6일 밝혔다.

또 텔레그램을 통해 이들로부터 필로폰 등 마약류를 매수해 투약한 17명도 검거해 조사중이다.

A씨 등은 지.."
9,"마약류 5종을 인터넷상에서 판매한 마약 판매상 3명과 미성년자를 포함한 투약자 5명이 경찰에 검거됐다. 
 
 서울 중랑경찰서는 12일 텔레그램으로 마약류를 구입 판매하고 투약한 혐의(마약류관리법 위반)로 마약 판매자 A(29)씨와 B(43)씨, A씨와 공범이자 연인관계인 C(30)씨 및 판매상과 단순 투약자 5명 등 8명을 검거했다고 밝혔다. 이들은 .."
9,"텔레그램과 원룸 임대 등 비대면 방식으로 마약을 판매한 일당이 붙잡혔다.
강원경찰청 마약범죄수사대는 마약류관리에 관한 법률 위반 혐의로 마약 판매 조직의 국내 총책과 판매책 등 16명을 붙잡아 10명을 구속했다고 6일 밝혔다.
이들은 지난달 베트남에서 필로폰과 엑스터시 등 마약류를 밀반입한 뒤, 유통한 혐의를 받는다. 또 텔레그램을 통해 이들로부터 마약.."
9,"비대면 방식으로 마약을 유통한 일당과 구매자 33명이 경찰에 붙잡혔다. 경찰은 이 조직이 국내 밀반입 마약의 30% 가량을 판매했다고 밝혔다. 

강원경찰청 마약범죄수사대는 마약류관리에 관한 법률 위반 혐의로 마약 판매 조직 국내 총책과 판매책 등 16명을 붙잡아 10명을 구속했다고 6일 밝혔다. 이들은 지난달 베트남에서 필로폰과 엑스터시 등 마약류를 .."
9,"경찰이 텔레그램을 이용해 마약을 거래하고 입금 후 약속된 장소에 마약을 숨겨 놓고 가는 ‘던지기’ 수법으로 마약 유통을 해 온 70명을 검거했다. 대다수가 20~30대로 일부는 원룸을 파티룸으로 개조해 지인들을 불러 마약을 함께 투약하기도 했다. 
 
서울경찰청 마약범죄수사대는 마약을 유통한 판매책 18명과 매수자 52명 등 총 70명을 마약류 관리에 .."
10,"최근 서울 강남 대치동 학원가에서 학생들에게 마약이 든 음료를 건넨 뒤 학부모를 협박한 사건이 발생하면서 교육당국이 마약 예방교육 강화 등 대책 마련에 나섰다. 
 
 서울시교육청은 학생과 교직원, 학부모를 대상으로 ‘마약류를 포함한 유해약물 일상 특별 예방교육’을 강화하겠다고 9일 밝혔다. 각 학교에는 1학기 중으로 학생 대상 마약 예방교육을 실시하도.."
10,"강남 학원가에서 시음 행사를 핑계로 마약 성분이 든 음료를 학생들에게 건넨 일당이 음료를 마신 학생들의 부모를 협박한 것으로 파악됐다. 이들은 음료를 마신 학생의 부모에게 전화와 문자를 통해 “자녀가 마약을 먹었다. 인생 종치기 싫으면 지금 전화하라”며 돈을 뜯어내려 한 것으로 확인됐다.
서울 강남경찰서는 강남구 학원가 일대에서 고등학생에게 마약 성분이.."
10,"‘기억력이 좋아지는 음료수’라며 마약 성분이 든 액체를 고등학생에게 건넨 뒤 이를 빌미로 부모를 협박한 일당 중 2명이 경찰에 붙잡혔다.

서울 강남경찰서는 서울 강남구 대치역 인근에서 마약이 든 음료수를 나눠준 혐의를 받는 40대 여성 A씨를 5일 오전 1시30분쯤 서울 동대문구에서 검거했다고 이날 밝혔다. 또 다른 용의자인 20대 남성 B씨는 이날 .."
10,서울 강남구 학원가 일대에서 고등학생들에게 마약 성분이 담긴 음료를 속여 마시게 한 뒤 학부모를 협박해 금품을 뜯어내려던 4인조 일당 중 2명이 경찰에 붙잡혔다. 경찰은 “아르바이트 행사로 알고 참여했다”는 피의자 진술을 토대로 배후에서 범행을 지시한 주범과 나머지 용의자들을 추적 중이다. 클럽 등에서 술이나 음료에 몰래 마약을 탄 뒤 범죄를 저지르는 ..
10,"서울 강남구 학원가 일대에서 고등학생들에게 마약 성분이 담긴 음료를 속여 마시게 한 뒤 학부모를 협박해 금품을 뜯어내려던 4인조 일당 중 2명이 경찰에 붙잡혔다. 
 
 서울 강남경찰서는 3일 오후 강남구 대치동 학원가와 지하철 7호선 강남구청역 인근에서 2인 1조로 다니며 고교생을 대상으로 필로폰과 엑스터시 성분을 섞은 음료를 마시게 한 일당 4명 중.."
11,"▶ ""10대 마약사범, 두 배 이상 늘어"" 에서 이어짐 


 


이번 경찰 단속에서 검거된 마약류 사범 중 외국인 비중은 15.6%에 달했다. 국적별로는 태국(293명), 중국(140명), 베트남(100명) 순이었다. 


 


경찰은 최근 외국인 마약류사범이 증가한 원인으로 취업 또는 관광 등의 목적으로 입국한 외국인이 증가한 점을 꼽는다. 이들.."
11,"대검찰청 반부패강력부(부장 신봉수)는 1일 ‘2022년 12월 마약류 월간 동향’을 내고 지난해 수사 당국에 적발된 마약 사범 수가 역대 최다인 1만8395명으로 집계됐다고 밝혔다. 이는 2021년 1만6153명에 비해 13.9% 증가한 수치다. 
 
대검에 따르면 지난해 1~12월 수사 당국에 적발된 마약 사범 수가 1만8395명을 기록했다. 역대 최.."
11,"지난 해 검찰이 적발한 마약류사범이 역대 최다인 1만8050명인 것으로 나타났다. 신종 마약류 압수량 역시 전년 대비 96.9% 급증했다. 코로나19로 비대면 거래가 늘면서 마약범죄도 증가한 것으로 분석된다.

대검찰청 대검 반부패 강력부가 9일 발간한 ‘2020년 마약류 범죄백서’를 보면 지난해 적발된 마약류사범은 1만8050명으로 역대 최다를 기록했.."
11,"■ What - 젊은층 급속 파고드는 마약



작년 1만2387명 검거 역대최다

2030 사범 5년새 2배넘게 늘어

전체 비중도 39.4%→56.7%로



미성년자 증가세 14세도 발각

텔레그램 가상화폐 등 수법활용



“호기심에 투약하다 유통까지”

정부, 예방교육 수사팀 확대



마약이 일상생활 속으로 스멀스멀 파고들며 사회 안전을 뒤흔.."
11,"사진=게티이미지뱅크 지난해 신종 코로나바이러스 감염증(코로나19) 사태 속에서도 다크웹과 사회관계망서비스(SNS), 국제 우편 특송 등을 통한 밀반입이 증가하면서 적발된 국내 마악류 사범이 1만8000명을 넘었다. 국내 체류 외국인의 마약류 밀수입과 청소년의 마약류 범죄가 대폭 늘었다. 
 
 대검찰청이 9일 발간한 ‘2020 마약류 범죄백서’에 따르면.."
12,"미국 미주리주의 소도시 카메론에 있는 ‘서부 미주리 교정센터’에서 23일(현지시간) 휠체어를 탄 흑인 노인이 취재진 앞에 나타났다. 19세에 교도소에 수감돼 62세가 돼 풀려난 케빈 스트릭랜드였다.

스트릭랜드는 “화가 나지는 않는다. 그것보다 크다. 여러분이 알지 못하는 어떤 감정을 만들어낸 거 같다”면서 “기쁨, 슬픔, 공포. 이런 감정들을 어떻게 .."
12,"1993년 5월 6일(현지시간) 미국 남부 시골 마을인 아칸소주(州) 웨스트 멤피스의 로빈후드 언덕에서 여덟 살 난 어린이 3명의 시신이 발견됐다. 잡초가 무성한 도랑에서 발견된 시신 3구는 모두 밧줄로 결박당한 모습이었다. 전날 오후 집을 나간 어린이들의 시신은 성기 등이 훼손된 참혹한 상태였다. 부모는 오열했고 여론은 분노로 가득 찼다.
관심이 집중.."
12,"미국 플로리다의 고등학교에서 17명을 살해한 총기 난사범이 감옥에서 남긴 글과 그림 등이 언론에 공개됐다. 
 
23일(현지 시각) 뉴욕포스트에 따르면 브로워드 카운티 보안관실은 더글러스 고등학교 총기난사범 니컬러스 크루즈(23)의 현재 심리 상태를 엿볼 수 있는 그림과 글 등을 공판에 앞서 공개했다. 크루즈는 2018년 2월 14일 플로리다주 파크랜드.."
12,"지난 2018년 미국 플로리다의 고등학교에서 17명을 살해한 총기 난사범이 감방 벽에 그린 그림과 스케치 등이 언론에 공개됐다. 지난 23일(현지시간) 뉴욕포스트 등 현지언론은 플로리다 파크랜드 총기난사범 니컬러스 크루즈(23)의 현재 심리 상태의 일단을 엿볼 수 있는 그림과 글 등이 공판에 앞서 언론에 공개됐다고 보도했다.
크루즈가 감옥에서 남긴 일련.."
12,"지난 2018년 미국 플로리다의 고등학교에서 17명을 살해한 총기 난사범이 감방 벽에 그린 그림과 스케치 등이 언론에 공개됐다. 지난 23일(현지시간) 뉴욕포스트 등 현지언론은 플로리다 파크랜드 총기난사범 니컬러스 크루즈(23)의 현재 심리 상태의 일단을 엿볼 수 있는 그림과 글 등이 공판에 앞서 언론에 공개됐다고 보도했다.
크루즈가 감옥에서 남긴 일련.."
12,"지난 2018년 미국 플로리다의 고등학교에서 17명을 살해한 총기 난사범이 감방 벽에 그린 그림과 스케치 등이 언론에 공개됐다. 지난 23일(현지시간) 뉴욕포스트 등 현지언론은 플로리다 파크랜드 총기난사범 니컬러스 크루즈(23)의 현재 심리 상태의 일단을 엿볼 수 있는 그림과 글 등이 공판에 앞서 언론에 공개됐다고 보도했다.
크루즈가 감옥에서 남긴 일련.."
12,"지난 2018년 미국 플로리다의 고등학교에서 17명을 살해한 총기 난사범이 감방 벽에 그린 그림과 스케치 등이 언론에 공개됐다. 지난 23일(현지시간) 뉴욕포스트 등 현지언론은 플로리다 파크랜드 총기난사범 니컬러스 크루즈(23)의 현재 심리 상태의 일단을 엿볼 수 있는 그림과 글 등이 공판에 앞서 언론에 공개됐다고 보도했다.
크루즈가 감옥에서 남긴 일련.."
13,"세계 최대 코카인 생산국 콜롬비아에서 원료인 코카잎 재배 면적과 완제품 생산량이 20년 만에 최고 수준으로 급증했다. 미국이 약 50년 동안 천문학적 자금을 쏟아 부으며 ‘마약과의 전쟁’을 벌였지만, 처참한 성적표를 받아들게 됐다. 마약 합법화로 검은돈을 양지로 끌어내겠다는 콜롬비아 정부의 역발상이 한층 힘을 얻게 될 전망이다.
20일(현지시간) 영국 .."
13,"세계 최대 마약 생산국이자 악명 높은 마약왕 파블로 에스코바르의 고향인 콜롬비아가 “마약과의 전쟁을 끝내겠다”고 선언했다. 무수한 인명 피해를 낳는 소탕 작전 대신, 마약 합법화로 ‘검은돈’을 양지로 끌어내 마약 카르텔의 ‘자금줄’을 말려 버리겠다는 취지다. 그러나 콜롬비아산 불법 마약으로 골머리를 앓는 미국이 공개적으로 반대하고 있어 국제적 갈등으로 .."
13,"구스타보 페트로 콜롬비아 대통령은 최근 “콜롬비아의 마약과의 전쟁은 실패했다”면서 “이젠 선진국의 마약소비를 억제하는 데 초점을 맞춘 새로운 대응이 요구된다”고 미국에 제안했다. 
마약과의 전쟁을 실패로 규정한 대통령의 발언이 유엔 보고서에서 사실로 확인됐다. 
유엔 마약범죄사무국(UNODC)이 20일(현지시간) 보고타에서 발표한 보고서에 따르면 202.."
13,십여년 전 17세의 칼로스 마르티네스는 부모가 써 준 입대 동의서를 들고 콜롬비아군에 입대했다. 이 나라의 가난한 청년들에게 미성년 군 입대는 낯선 선택이 아니다. 입대 말고 선택할 직업의 폭은 좁았다. 이후 10년 동안 현역 복무한 뒤 마르티네스는 안데스 지역에서 무장단체 및 마약 밀매업자들을 상대로 싸우는 특수부대에 합류했다. 미국의 보조금을 지원받..
13,"지난달 21일 새벽 콜롬비아 국경 인근에 위치한 베네수엘라 도시 라 빅토리아의 주민들은 트럭과 전투기 소리에 잠이 깼다. 영문도 모른 채 밖으로 몰려나간 주민들은 멀리 동쪽 하늘에서 폭탄이 터지는 불빛을 목격했다. 

폭탄의 불빛은 하루하루 점점 더 마을 쪽으로 가까워졌다. 며칠 뒤 마을에 베네수엘라 군인들이 밀려 들어오기 시작했다. 군인들은 콜롬비아 .."
14,"슈퍼갑 거래소암호화폐 거래소의 ‘상장피’(Listing fee)는 마케팅 비용일까, 뒷돈일까.
국내 일부 대형 암호화폐 거래소가 코인 발행업체로부터 거액의 상장피를 챙겨온 것으로 나타났다. 암호화폐 상장 컨설팅 관계자는 21일 서울신문과의 인터뷰에서 “국내 거래소들은 주로 브로커를 통해 암호화폐 상장 의뢰를 받고 있다”며 “거래소들이 대외적으로 수수료를.."
14,"세계 3위 가상화폐 거래소인 FTX의 파산으로 글로벌 가상화폐 시장이 요동치면서, ‘가상화폐 해킹’을 주요 돈벌이로 삼아왔던 북한이 위기에 직면했다는 분석이 나왔다. 북한은 국제사회의 경제 제재로 외화벌이 통로가 막히자, 해킹을 통해 10억 달러 규모의 가상화폐를 훔치고 이를 핵과 탄도미사일을 개발하는 데 사용해 온 것으로 알려졌다.
◇가상화폐 북한의 .."
14,"북한이 암호 화폐를 탈취해 최근까지 약 1조7000억원 이상 확보한 것으로 6일 알려졌다. 한미 정보 당국은 북한이 이런 해킹을 통해 벌어들인 외화를 핵무기 개발과 최근의 연쇄 미사일 도발에 사용한 것으로 파악하고 자금줄 차단에 나섰다. 한미는 북한의 암호 화폐 해킹을 차단하기 위해 독자 제재 방안을 마련해 곧 발표할 예정이다. 
 
유력 정보 소식통은.."
14,"《“116만 달러 모두 동결됐습니다.” 
 
 2월 경기 성남시 판교 제2테크노밸리에 위치한 국가사이버안보협력센터. 북한 정찰총국 산하 해킹 조직의 것으로 추정되는 지갑(가상화폐 계좌)들이 거래 정지됐다는 소식을 전달받은 요원들이 그때서야 안도의 한숨을 내쉬었다. 북한의 대표적인 해킹 조직 라자루스는 미국 블록체인 기업 ‘하모니’로부터 해킹한 가상화폐 .."
14,"슈퍼갑 거래소암호화폐 거래소의 ‘상장피’(Listing fee)는 마케팅 비용일까, 뒷돈일까.
국내 일부 대형 암호화폐 거래소가 코인 발행업체로부터 거액의 상장피’를 챙겨온 것으로 나타났다. 암호화폐 상장 컨설팅 관계자는 21일 서울신문과의 인터뷰에서 “국내 거래소들은 주로 브로커를 통해 암호화폐 상장 의뢰를 받고 있다”며 “거래소들이 대외적으로 수수료.."
15,"정치인 연예인 등 유명인들과 파티를 즐기는 영상이 유출돼 논란을 빚은 핀란드 총리가 마약 복용 의혹을 부인하며 관련 검사를 받은 것으로 전해졌다.
19일(현지시간) 핀란드 공영방송 YLE에 따르면 산나 마린(36) 핀란드 총리는 이날 기자회견을 열고 “오늘 마약 검사를 받았고 결과는 일주일 내로 나올 것”이라며 “청소년기를 포함해 한 번도 마약은 한 적.."
15,"최근 파티 영상과 총리 관저에서 친구들과 찍은 부적절한 사진이 잇따라 공개되며 궁지에 몰린 산나 마린 핀란드 총리가 정치인의 사생활도 보호해야 한다며 그간의 심경을 토로했다. 
 
AP통신 등 외신은 마린 총리가 24일(현지시간) 핀란드 라티에서 열린 사회민주당 행사 연설에서 “나도 사람이다. 지금처럼 어려운 시기에 가끔은 즐거움과 밝음, 재미를 원한다.."
15,"마린 총리 ""찍지 말았어야 할 부적절 사진"" 

앞서 ‘광란의 파티’ 동영상 이어 연일 논란최근 ‘마약 의혹’까지 제기될 정도로 춤과 노래를 즐기는 파티 영상으로 물의를 빚은 30대의 핀란드 총리가 이번엔 친구들이 관저에서 찍은 것으로 보이는 부적절한 사진으로 재차 사과하게 됐다.



23일(현지시간) 핀란드 언론에 따르면 산나 마린 핀란드 총리는 관.."
15,"'광란의 파티' 영상으로 논란에 휩싸인 산나 마린(36) 핀란드 총리가 마약 검사까지 받았다.
 
 
 핀란드 공영방송 YLE 등에 따르면, 마린 총리는 19일(현지시간) 기자회견에서 ""오늘 마약 검사를 받았고 결과는 1주 내 나올 것""이라며 ""평생 마약을 한 적이 없다""고 말했다. 그는 ""나는 불법적인 일을 하지 않았다""며 ""우려를 덜기 위해 검사를 .."
15,"30대 젊은 핀란드 총리가 지인들과 ‘광란의 파티’를 즐기고 있는 영상이 유출됐다. 마약 복용 의혹도 일고 있다.
핀란드 방송 YLE와 로이터통신 등에 따르면, 산나 마린(37) 핀란드 총리가 자국 정치인과 연예인 등 유명인사 20여 명과 함께 격정적으로 춤을 추는 파티 영상이 지난 17일(현지시간) 사회관계망서비스(SNS)에 공개됐다.
특히 해당 영상.."
16,미국 정부가 죄수 교환을 통해 러시아에 수감됐던 여자 농구선수를 귀환시킨 것을 두고 후폭풍이 거세다. 마약 혐의로 투옥 중인 미국여자프로농구(WNBA) 선수 브리트니 그라이너를 데려오기 위해 미국이 풀어준 인물이 ‘죽음의 상인’이라 불리는 악명높은 글로벌 무기상 빅토르 부트이기 때문이다. 아프가니스탄과 아프리카 등 분쟁지역의 무기 밀매에 깊숙이 관여한 ..
16,"마약 밀반입 혐의로 올해 2월 전쟁 직전 러시아에 체포됐던 미국 여자프로농구(WNBA) 선수 브리트니 그라이너(32)가 미국과 러시아의 포로 교환을 통해 10개월만에 풀려났다.

8일(현지시각) 조 바이든 미국 대통령은 백악관에서 “브리트니 그라이너가 러시아에 부당하게 구금된 지 몇 달만에 비행기를 타고 안전하게 미국으로 오고 있다. 24시간 안에 도착.."
16,"러시아가 미국여자프로농구(WNBA) 스타 브리트니 그라이너를 석방했다고 AP통신과 CNN방송 등이 미국 정부 당국자를 인용해 8일(현지시간) 보도했다.
보도에 따르면 조 바이든 행정부는 러시아 측과 협상을 통해 그라이너를 미국에서 복역 중인 러시아인 무기상 빅토르 부트 등과 맞교환했다.
러시아 외무부도 성명을 통해 미국에 수감된 부트와 그라이너를 교환한.."
16,"2월 러 입국 대마초 소지로 약 10개월 억류




러시아가 미국여자프로농구(WNBA) 스타 브리트니 그라이너를 석방했다고 AP통신과 CNN방송 등이 미국 정부 당국자를 인용해 8일(현지시간) 보도했다.

보도에 따르면 조 바이든 행정부는 러시아 측과 협상을 통해 그라이너를 미국에서 복역 중인 러시아인 무기상 빅토르 부트 등과 맞바꿨다. 러시아 외교.."
16,"러시아에서 마약 밀수 혐의로 수감된 미국 여자프로농구(WNBA) 스타 브리트니 그라이너가 석방됐다. 미국에 수감된 러시아 무기상과 맞교환하면서다.
조 바이든 미 대통령은 8일(현지시간) 러시아 측과 협상을 통해 그라이너를 미국에서 복역 중인 러시아인 무기상 빅토르 부트 등과 맞바꿨다고 밝혔다. 바이든 대통령은 “지난 몇 달은 그라이너에겐 지옥과 같았다”.."
17,"자택에서 자던 중 마약수색을 위해 급습한 경찰의 총탄에 맞아 숨진 흑인 여성 ‘브리오나 테일러 사건’과 관련해 미국 법원이 경찰관들의 죄를 묻지 않기로 했다. 경찰의 무릎에 목이 짓눌려 사망한 흑인 남성 조지 플로이드 사건 이후 불붙은 인종 차별 항의 시위가 또다시 격화될 조짐이다.

미국 켄터키주 대배심은 23일 브리오나 테일러 집에 한밤중에 들이닥쳐.."
17,"6개월 전 벌어진 흑인 여성 브리오나 테일러의 경찰 총격 사망 사건으로 시작된 인종차별 반대 시위가 미국 전역으로 번지고 있다. 
 
23일(현지 시각) CNN에 따르면 사건이 일어난 미국 켄터키주 루이빌 뿐만 아니라 애틀랜타, 뉴욕, 필라델피아, 워싱턴 등 미 전역에서 시민 수천명이 거리에 나서 “흑인의 목숨도 소중하다(BLACK LIVES MATTE.."
17,미국에서 조지 플로이드에 이어 또다시 백인 경찰관에 의해 흑인이 숨지는 일이 일어났다. 조지아주 애틀랜타에서 지난 12일(현지시간) 경찰의 총격에 사망한 레이샤드 브룩스(27) 사건은 진정되는 듯했던 항의시위에 기름을 부었다. 많은 이들은 ‘백인 경찰의 흑인 살해’가 미국의 구조적 인종차별을 보여주는 것이라며 경찰 사법제도 개혁을 요구한다. 반면 한쪽에..
17,"민주당 대선후보인 조 바이든 전 부통령은 ‘제도적 인종주의’를 지적했다. 법과 제도 속에 은연중에 굳어져 있는 인종주의가 흑인에 대한 경찰의 과잉대응은 물론이고 경제적 사회적 모든 영역에 자리 잡고 있다는 얘기다.



2012년 미국 플로리다주 샌퍼드에서 백인 자경단원 조지 짐머만이 트레이본 마틴이라는 17세 흑인 소년을 사살했다. 하지만 이듬해 짐머.."
17,"미국에서 흑백 인종갈등 뇌관을 건드리는 사건이 또 일어났다. 흑인 여성 사망 사건에 연루된 경찰관들이 면죄부를 받자 곳곳에서 반발 시위가 격해진 것. 게다가 시위 현장에서 경찰이 총에 맞는 사고까지 발생했다. 여기에 도널드 트럼프 대통령이 가세하면서 인종차별 반대 시위가 재점화할 가능성도 점쳐진다. 
대니얼 캐머런 켄터키주(州) 법무장관 겸 검찰총장은 .."
18,"중국 정부가 낸시 펠로시 미국 하원의장의 대만 방문을 이유로 5일 미국과 국방 분야 협력을 단절하는 조치를 전격 발표했다. 4일부터 이틀째 ‘대만 봉쇄’ 군사훈련을 진행하며 대만을 옥죄는 동시에 미국에 대한 보복 조치도 본격화한 것이다. 대만을 둘러싼 미중 군사 갈등이 전방위 관계 단절로 확산되는 양상이다. 
 
 중국 외교부는 이날 오후 펠로시 대만 .."
18,"중국은 낸시 펠로시 미 하원의장의 대만 방문에 대한 보복성 조치로 5일 군 사령관 통화 등 미 중 간 현행 대화와 협력 채널을 대거 단절했다. 다만 단절 대상에서 경제 외교 당국 간 대화 채널은 제외하며 양국 관계의 전면적 단절을 원하지는 않는다는 뜻을 드러냈다.

중국 외교부는 이날 펠로시 의장이 중국의 강력한 반대와 엄중한 경고를 무시했다며 “미 중.."
18,"낸시 펠로시 미국 하원의장의 대만 방문은 중국에 적잖은 굴욕을 안겼다. 중국공산당을 비롯해 전국인민대표대회(전인대), 전국인민정치협상회의(정협), 국무원, 외교부, 국방부 등 각종 권력기관 및 정부 부처가 총출동해 으름장을 놨지만 펠로시 의장의 대만행을 막지 못했다. “불장난을 하면 불에 타 죽을 것”이란 시진핑 국가주석의 경고는 결과적으로 안 하느니만.."
18,"낸시 펠로시 미국 하원의장의 대만 방문은 중국에 적잖은 굴욕을 안겼다. 중국 공산당을 비롯해 전국인민대표대회(전인대), 전국인민정치협상회의(정협), 국무원, 외교부, 국방부 등 각종 권력기관 및 정부 부처가 총출동해 으름장을 놨지만 펠로시 의장의 대만행을 막지 못했다. “불장난을 하면 불에 타 죽을 것”이란 시진핑 국가주석의 경고는 결과적으로 안 하느니.."
18,"중국이 낸시 펠로시 미국 하원의장의 대만 방문(2~3일)에 대한 보복 조치로 이틀째 무력 시위를 이어갔다. 펠로시 의장과 그 가족에 대한 제재 단행뿐만 아니라 양국 간 열려 있던 각 분야 대화 채널까지 단절했다. 군사, 외교, 경제 등 모든 분야의 수단을 총동원해 ‘하나의 중국’ 원칙을 훼손한 시도를 끝까지 응징하겠다는 태도다. 
◇중국 군함 10여척 .."
19,"서울경찰청 마약범죄수사대가 27일 마약 투약 혐의를 받는 배우 유아인(37 본명 엄홍식)씨를 소환해 조사 중이다. 
 
 
 이날 오전 9시 20분께 경찰에 출석한 유씨는 취재진의 질문에 응하지 않고 청사로 들어갔다. 
 
 경찰에 따르면 유씨는 대마 프로포폴 코카인 케타민 등 마약류를 투약한 혐의(마약류관리법 위반)를 받는다. 
 
 경찰은 지금까지 .."
19,"서울경찰청 마약범죄수사대는 27일 마약류 투약 혐의를 받는 배우 유아인(37 본명 엄홍식)씨를 피의자 신분으로 소환해 조사 중이다. 
 
 이날 오전 9시20분께 서울경찰청 마포청사에 출석한 유씨는 취재진에게 별다른 말을 하지 않고 조사실로 들어갔다. 
 
 경찰에 따르면 유씨는 대마 프로포폴 코카인 케타민 등 마약류를 투약한 혐의(마약류관리법 위반)를.."
19,"배우 유아인(37 본명 엄홍식)씨가 마약류 투약 혐의로 경찰에 출석해 조사를 받고 있다. 경찰은 유씨에 대한 구속영장을 신청하는 방안을 검토 중이다. 
 
 서울경찰청 마약범죄수사대는 27일 오전 유씨를 피의자 신분으로 소환했다. 경찰은 유씨에게 프로포폴을 투약한 구체적 경위와 목적 등을 물을 전망이다. 
 27일 마약류 투약 혐의를 받는 배우 유아인(.."
19,"마약 투약 혐의를 받는 배우 유아인(37 본명 엄홍식)씨가 경찰에 출석했다. 
 
 서울경찰청 마약범죄수사대는 27일 유씨를 소환해 조사 중이라고 밝혔다. 유씨는 대마 프로포폴 코카인 케타민 총 4가지 마약류를 투약한 혐의(마약류관리법 위반)를 받는다. 
 
 27일 마약류 투약 혐의를 받는 배우 유아인(37 본명 엄홍식)이 서울경찰청 마포청사에 출석하.."
19,"경찰이 마약 투약 혐의를 받는 배우 유아인(37 본명 엄홍식)씨를 소환 조사했다. 경찰은 유씨의 구속영장 신청을 검토하겠다는 방침이다. 
 
 서울경찰청 마약범죄수사대는 27일 오전 유씨를 마약류관리법 위반 피의자 신분으로 소환해 프로포폴 등을 투약한 구체적 경위와 목적을 추궁했다. 유씨는 대마 프로포폴 코카인 케타민 총 4가지 마약류를 투약한 혐의를 .."
20,"국민의힘과 정부는 마약류 관리를 총괄하는 컨트롤타워를 구축하는 등 '마약과의 전쟁'에 돌입한다. 윤석열 대통령이 한덕수 총리와 주례회동에서 마약 문제 해결을 위한 특단의 대책을 주문한 지 이틀 만이다. 
 
국민의힘 성일종 정책위의장은 26일 오전 국회에서 열린 당정협의회 후 결과 브리핑에서 ""당정은 최근 젊은 층을 중심으로 퍼지는 마약류 범죄와 오남용.."
20,"당정이 마약 범죄 문제의 심각성을 해결하기 위해 국무조정실 산하 마약류 관리 문제를 총괄하는 컨트롤타워를 만들기로 하는 한편, 앞으로 1년 동안 마약범죄 특별수사팀을 확대 운영하기로 했다. 

성일종 국민의힘 정책위의장은 26일 오전 국회에서 열린 ‘마약류 관리 종합대책 관련 당정협의회’에서 “점점 교묘해지는 마약 수법에 대응하기 위해서는 현재와 같은 .."
20,"서울시의회 보건복지위원회 강석주 위원장(국민의힘 강서2)과 보건복지위원회 위원들은 ‘강남 학원가 마약 음료 사건’ 등 시민들의 일상에 파고든 마약 문제의 심각성을 인식, 발 빠른 현장 방문과 전문성 있는 질의 및 대안 제시로 ‘서울시 마약류 관리 종합대책’을 선도했다.
지난달 19일 서울시의회 보건복지위원회는 ‘서울시 보건환경연구원(이하 ’연구원‘)’을.."
20,"국민의힘과 정부가 ‘마약과의 전쟁’을 선포했다. 
 
당정은 26일 국회에서 ‘마약류 관리 종합대책’ 관련 당정협의를 갖고 마약류 관리를 총괄하는 컨트롤타워를 설치하고, 검찰과 경찰을 중심으로 특별수사팀을 꾸리기로 결정했다. 윤석열 대통령이 마약류 범죄에 대한 ‘특단의 대책’을 주문한 지 이틀 만이다. 
 
성일종 국민의힘 정책위의장은 당정협의에서 “최.."
20,"국민의힘과 정부가 ‘마약과의 전쟁’을 선포했다. 
 
당정은 26일 국회에서 ‘마약류 관리 종합대책’ 관련 당정협의를 갖고 마약류 관리를 총괄하는 컨트롤타워를 설치하고, 검찰과 경찰을 중심으로 특별수사팀을 꾸리기로 결정했다. 
 
윤석열 대통령이 마약류 범죄에 대한 ‘특단의 대책’을 주문한 지 이틀 만이다. 
 
 성일종 국민의힘 정책위의장은 당정협회에.."
21,"부통령 출마를 전격 철회하고 정계 은퇴를 선언한 로드리고 두테르테 필리핀 대통령이 내년 대선에 자신의 딸이 출마할 것임을 시사했다. 자신의 부통령 출마에 대한 여론이 악화하면서 우회로를 찾은 것으로 풀이된다. 
 
3일 현지 매체 ABS-CBN은 두테르테 대통령이 딸인 사라 두테르테 카르피오 다바오 시장이 대선에 출마할 것이라고 말했다고 보도했다. 
 .."
21,"내년 5월 치러지는 필리핀 대선의 경쟁 구도가 점입가경이다. 정계 은퇴를 선언한 현직 대통령은 부통령 출마 의사를 흘리고, 그의 딸은 ‘독재자 아들’의 러닝메이트로 부통령 출마를 선언했다. 국가 권력 2인자 자리를 놓고 부녀가 다투는 초유의 풍경이 벌어질 수도 있다. 이변의 연속이다.
14일 로이터통신과 현지 매체 등에 따르면 로드리고 두테르테(76) .."
21,"로드리고 두테르테 필리핀 대통령(76)이 내년 5월 열리는 대통령 선거에서 부통령에 출마하기로 했다.

필리핀 집권 여당인 필리핀민주당(PDP라반)은 8일(현지시간) 전당대회를 열고 두테르테 대통령을 내년 5월 열리는 대선의 부통령 후보로 지명했다고 필리핀 언론 인콰이어러 등이 보도했다. 두테르테 대통령은 “부통령 출마는 애국심에서 비롯된 것”이라며 “.."
21,"로드리고 두테르테 필리핀 대통령이 내년 대선에서 부통령으로 출마하겠다는 의사를 접고 정계은퇴를 선언했다. 딸인 사라 두테르테 카르피오 다바오 시장을 대통령 자리에 앉혀 자신의 권력을 사실상 장기화하려는 의도로 풀이된다. 

필리핀 매체 ABS-CBN 방송은 3일 두테르테 대통령이 전날 마닐라의 한 회견장에서 정계 은퇴를 선언한 후 딸 사라가 대선에 출마.."
21,"부통령 출마를 전격 철회하고 정계 은퇴를 선언한 로드리고 두테르테 필리핀 대통령이 내년 대선에 자신의 딸이 출마할 것임을 시사했다. 자신의 부통령 출마에 대한 여론이 악화하면서 우회로를 찾은 것으로 풀이된다. 
 
3일 현지 매체 ABS-CBN은 두테르테 대통령이 딸인 사라 두테르테 카르피오 다바오 시장이 대선에 출마할 것이라고 말했다고 보도했다. 
 .."
22,“‘퐁당’은 살인이에요.” 지난 11일 서울 강남 지역 ‘마약 중독자 회복을 위한 자조 모임’에서 만난 이재완씨(가명 25)가 말했다. 스무살 때부터 5년 가까이 마약을 하다가 끊은 이씨는 주변 남성들로부터 ‘퐁당 무용담’을 셀 수 없이 들었다. ‘퐁당’은 술잔 등에 마시는 사람 몰래 마약을 빠뜨리는 행위를 일컫는다. “요즘 필로폰이 워낙 많아지니 ‘몰..
22,니코틴을 섞은 특수 용액 증기를 마시는 액상형 전자담배는 ‘건강에 덜 나쁘다’는 인식이 있다. 담배에 불을 붙이거나 가열하는 궐련 궐련형 전자담배보다 낫다는 주장이다. 일각에선 ‘금연 보조제’라고까지 한다. 현재 인터넷과 오프라인에 수백종의 액상 제품이 범람해 청소년층의 구매를 막기 힘든 수준까지 갔다. ‘향이 난다’ ‘포장이 예쁘다’ 등 이유로 젊은 ..
22,"“이 얘기를 꺼내기까지 40년이 걸렸습니다.” 
지난 5일 오전 경기도 남양주에 위치한 단독주택의 방 한 켠. 약물 중독 경험자 10명이 테이블에 둘러 앉자, 김태영(가명)씨가 조심스레 입을 뗐다. 어린 시절 동성으로부터 성추행을 당한 김씨는 괴로움을 잊기 위해 마약에 손을 대기 시작해 34년을 빠져 살았다. 그 중 28년은 교도소에서 보냈다. 김씨는 .."
22,"필로폰 0.03ｇ, 대마 한 모금, 엑스터시 한 알, 펜타닐 패치  . “한번쯤은 문제 없겠지”라는 생각으로 빨아들인 마약에 인생을 송두리째 빼앗겼다. 펑펑 울음이 날 정도로 고통스러웠던 단약의 과정을 지나 회복기에 접어든 이들이 중독자들에게 꼭 해주고 싶은 말이 있다. 지옥처럼 힘들지만 반드시 제자리로 돌아올 수 있다는 것.

지난 16일 인천 미추.."
22,"(3) 중독자들, 회복상담사를 꿈꾸다



필로폰 0.03g, 대마 한 모금, 엑스터시 한 알, 펜타닐 패치 . ‘한번쯤은 괜찮겠지’라는 생각으로 빨아들인 마약에 인생을 송두리째 빼앗겼다. 눈물을 펑펑 쏟을 정도로 고통스러웠던 단약의 과정을 지나 회복기에 접어든 이들이 중독자들에게 꼭 해주고 싶은 말이 있다. 지옥처럼 힘들지만 반드시 제자리로 돌아올 수.."
23,"행정안전부 내 경찰국 신설에 반발해 30일 충남 아산 경찰인재개발원에서 열기로 한 ‘14만 전체 경찰회의’가 취소됐다. ‘경찰국 설치’를 놓고 전면전 양상으로 번지던 정부와 일선 경찰 간 갈등이 진정 국면으로 접어드는 모양새다. 이상민 행정안전부 장관도 “다행스럽게 생각한다”고 밝혔다. 다만 일각에선 소규모 회의라도 강행하겠다는 의지를 보이고 있다. 
.."
23,"행정안전부 내 경찰국 신설에 반발해 30일 열릴 예정이었던 ‘14만 전체 경찰회의’가 제안 하루 만에 취소됐다. 일각에선 소규모 회의라도 강행한다는 의지를 보이고 있으나, 일선 경찰과 정부의 갈등은 진정 국면으로 접어드는 모양새다. 특히 26일 경찰국 신설안이 담긴 대통령령(시행령)이 국무회의를 통과하면서 경찰 회의를 주도하던 주요 경찰관들이 “더는 장.."
23,"일선 경찰들이 행정안전부 내 경찰국 신설에 반발해 30일 열려던 ‘14만 전체 경찰 회의’를 취소했다. 행안부 시행령이 국무회의를 통과해 다음달 2일 시행을 앞둔 만큼 국회로 공을 넘겨 입법으로 문제를 풀 수밖에 없다고 판단했다. 정부와 경찰, 경찰 지휘부와 일선 경찰 간 정면충돌 양상으로 치닫던 ‘경란’은 소강 국면에 접어들었다. 일부 경찰은 소규모 .."
23,행정안전부 내 경찰국 신설에 반발해 일선 경찰들이 30일 개최하기로 했던 ‘14만 전체 경찰회의’가 취소됐다. 전체 회의가 집단행동으로 비춰질 경우 국민적 반감을 살 수 있다는 경찰 안팎의 우려를 의식한 것으로 보인다. 이에 따라 경찰국 설치를 둘러싼 정부와 일선 경찰의 갈등은 사실상 수습 국면에 접어든 모양새다. 다만 경찰 일부의 ‘항전’ 의지가 여전..
23,"행정안전부 내 경찰국 신설에 반발해 30일 예고됐던 ‘14만 전체 경찰회의’ 제안자가 27일 행사 추진을 철회하겠다고 밝혔다. 이로써 ‘경찰국 설치’를 놓고 전면전 양상으로 번지던 정부와 일선 경찰 간 갈등이 진정 국면으로 접어드는 모양새다. 
 
 처음 14만 경찰회의를 제안했던 서울 광진경찰서 김성종 경감은 27일 내부망에 “경찰회의를 자진 철회한다.."
24,"배우 이상보가 마약 누명을 썼을 당시를 언급했다. 
 
 지난 22일 방송된 채널S ‘진격의 언니들’에 출연한 이상보는 “앞으로 출연하게 될 작품이 밝은 작품인데 대중이 받아들일 수 있을까 싶다”라고 말문을 열었다. 
 
 이상보는 “지난 추석 때 신경안정제를 먹고 집 앞에 뭘 사러 갔다가 누군가의 신고로 긴급체포가 됐다”며 “신경정신과 약을 먹은 상태.."
24,"전두환 일가의 비리를 폭로한 전두환 전 대통령의 손자 전우원씨의 호흡이 일시적으로 멎었다가 돌아왔다는 소식이 전해졌다. 
 
17일 전 전 대통령의 차남이자 전씨의 부친인 전재용씨가 전도사로 있는 ‘우리들교회’ 공식 홈페이지에는 “전재용 전도사님 아들 우원이를 위해 기도해 달라”는 제목의 글이 올라왔다. 
 
작성자는 “전재용 전도사님 아들 우원이가 병.."
24,"고(故) 전두환 전 대통령의 손자 우원(27)씨. 유튜브 갈무리 
 고(故) 전두환 전 대통령의 손자 우원(27)씨가 가족 비리를 연일 폭로해 논란이 일고 있는 가운데, 유튜브 라이브 방송 도중 마약을 먹겠다고 말한 뒤 투약하는 듯한 장면을 공개했다. 이후 상황은 알려지지 않고 있다. 
 
 우원씨는 17일 새벽 5시쯤 자신의 SNS 계정을 통해 <마약.."
24,"마약 투약 혐의로 긴급 체포됐다가 무혐의 처분을 받은 배우 이상보가 ‘마약 배우’ 누명을 썼던 사건을 언급하며 “앞으로 출연하게 될 작품이 밝은 작품인데 대중이 받아들일 수 있을까 싶다”고 토로했다. 
 
지난 22일 방송된 채널S ‘진격의 언니들’에 출연한 이상보는 “지난 추석 때 신경안정제를 먹고 집 앞에 뭘 사러 갔다가 누군가의 신고로 긴급체포가 .."
24,전두환 일가의 비리를 연일 폭로하고 있는 전두환 전 대통령의 손자 전우원(27)씨가 유튜브 라이브 방송을 통해 마약 투약 사실을 공개하며 카메라 앞에서 직접 여러 마약을 투약하는 장면을 보여 논란이 일고 있다. 전씨는 알약 형태의 약들을 복용한 뒤 실제 몸을 부르르 떨거나 “고통스럽다”고 흐느끼는 등 환각 증상을 보였다. 이후 미국 경찰로 추정되는 외부..
25,"■ Why - 왜 사이비 종교에 빠지나



교주 믿으면 천국, 불신은 지옥 주입식 학습에 마약처럼 중독

무당처럼 예언하고 치유 쇼 ‘영적능력’ 있는척 신도 속이기도

충성도로 서열 매기는 시스템 맹신을 ‘순결한 믿음’이라 착각



범죄도 ‘신의 뜻’ 인지부조화 “지속적 상담통해 진실 알려야”“현재 우리나라에 자신을 재림주(再臨主)로 자처하는 .."
25,"지난 3일 공개된 넷플릭스 새 다큐멘터리 <나는 신이다: 신이 배신한 사람들>(이하 ‘나는 신이다’)은 ‘사이비 종교’에 낚일 경우 금전적 손실과 성범죄에 노출돼 인생을 망칠 수 있다는 것을 여실히 보여주었다. ‘나는 신이다’가 사이비 종교 공습경보인 셈이다. 

하지만 사이비 종교는 악마의 얼굴을 하고 있지 않다. 신앙인들이 가장 환호하는 메시아나 신.."
25,"지난 3일 공개된 넷플릭스 새 다큐멘터리 <나는 신이다: 신이 배신한 사람들>(이하 ‘나는 신이다’)은 ‘사이비 종교’에 낚일 경우 금전적 손실과 성범죄에 노출돼 인생을 망칠 수 있다는 것을 여실히 보여주었다. ‘나는 신이다’가 사이비 종교 공습경보인 셈이다. 

 하지만 사이비 종교는 악마의 얼굴을 하고 있지 않다. 신앙인들이 가장 환호하는 메시아나 .."
25,“사드락과 메삭과 아벳느고가 왕에게 대답하여 이르되 느부갓네살이여 우리가 이 일에 대하여 왕에게 대답할 필요가 없나이다 왕이여 우리가 섬기는 하나님이 계시다면 우리를 맹렬히 타는 풀무불 가운데에서 능히 건져내시겠고 왕의 손에서도 건져내시리이다 그렇게 하지 아니하실지라도 왕이여 우리가 왕의 신들을 섬기지도 아니하고 왕이 세우신 금 신상에게 절하지도 아니할..
25,"팀 켈러, 하나님을 말하다 
 
 
이 책은 팀 켈러를 ‘21세기 C S 루이스’로서 각인시킨 대표서라 할 수 있다. 켈러 목사는 책에서 기독교의 하나님을 믿는 신앙이 실제로 얼마나 타당하고 합리적인지 설명하려고 했다. 그는 적대감이 아니라 상대를 사랑하는 마음으로 그의 주장을 펼쳤으며 신사적이고 우호적인 태도로 논증했다. 
 
켈러 목사는 세속적 무신.."
26,"해외 소셜네트워크서비스(SNS)인 텔레그램에서 ‘마약왕’으로 통하는 박모(45)씨가 필리핀 교도소에 수감 상태 중에도 국내에 다량의 마약류를 공급한 것으로 의심되는 정황이 포착됐다.
경남경찰청 마약범죄수사계는 마약류관리법 위반 혐의(향정매매)로 20대 A씨 등 3명을 구속했다고 지난 13일 밝혔다.
A씨 등 3명은 지난 1월부터 2월 사이 엑스터시(10.."
26,"마약 관련 범죄를 저지르고 필리핀으로 달아났던 조직폭력배가 현지에서 붙잡혀 수감된 상태에서도 국내에 필로폰 등을 유통해오다 적발됐다. 
 
경기남부경찰청 강력범죄수사대는 마약류 관리에 관한 법률 위반 혐의로 수도권 지역 조폭 출신 40대 A씨를 형사 입건하는 등 유통 판매책 25명과 매수 투약자 33명 등 모두 58명을 검거했다고 19일 밝혔다. 경찰은.."
26,"━
 ‘마약왕 전세계’ 감옥서도 마약 판 혐의 
 경찰이 필리핀 감옥에서 복역 중인 ‘텔레그램 마약왕’ 박왕열(45)관련 또 다른 마약범죄 혐의를 포착하고 수사에 착수했다. 박왕열은 ‘필리핀 사탕수수밭 한국인 3명 살인사건’으로 장기 60년형을 선고받고 필리핀에서 수감 중이다. 
 
 9일 경찰 등에 따르면 경남경찰청은 박왕열이 필리핀 감옥에서 마약류를.."
26,경찰이 필리핀 감옥에서 복역 중인 ‘텔레그램 마약왕’ 박왕열(45) 관련 또 다른 마약범죄 혐의를 포착하고 수사에 착수했다. 박왕열은 ‘필리핀 사탕수수밭 한국인 3명 살인사건’으로 장기 60년형을 선고받고 필리핀에서 수감 중이다. 9일 경찰 등에 따르면 경남경찰청은 박왕열이 필리핀 감옥에서 마약류를 한국에 유입시킨 혐의를 포착해 수사 중이다. 감옥에서도..
26,"사회관계망서비스(SNS) 텔레그램 아이디 ‘마약왕 전세계’로 알려진 해외 마약류 국내 유통 총책 일명 ‘마약왕’ 박왕열이 필리핀 감옥에 수감 중에도 국내 판매책들과 접촉해 국내에 마약류를 유통시킨 것으로 드러나 경찰이 집중 수사 중에 있다. 
 
 경찰은 이를 위해 법무부 등 관련 기관에 박왕열의 국내 송환을 요청했다. 
 
 ‘마약왕’ 박왕열이 필리핀.."
27,"경상북도의회 박영서 부의장은 지난 30일 날로 심각해지고 있는 마약범죄 예방을 위한 ‘NO EXIT’ 캠페인에 동참했다.
‘NO EXIT’ 캠페인은 경찰청과 한국마약퇴치본부가 마약범죄 예방을 위한 국민 의지를 확산시키기 위해 연말까지 이어나가는 릴레이 캠페인이다.
박 부의장은 ‘출구 없는 미로, NO EXIT, 마약 절대 시작하지 마세요’라는 문구가 적.."
27,"경찰청이 마약범죄 예방을 위해 마약퇴치운동본부와 공동으로 연말까지 ‘NO EXIT(출구가 없다)’ 릴레이 캠페인을 진행한다. ‘출구 없는 미로, NO EXIT, 마약 절대 시작하지 마세요’라는 문구가 담긴 캠페인 이미지와 함께 인증사진을 찍어 사회관계망서비스(SNS)에 올린 후 다음 참여자 2명을 지목하는 방식이다. 지목받지 않았더라도 누구나 자발적으로.."
27,"의정부=김현수 기자

가톨릭대학교 의정부성모병원은 한창희 병원장이 마약 범죄 근절을 위한 ‘NO EXIT’ 마약 예방 캠페인에 참여했다고 9일 밝혔다.



‘NO EXIT’ 캠페인은 지난달 26일부터 연말까지 경찰청에서 마약 범죄 근절을 위해 진행하는 릴레이 형식의 캠페인이다. 참여 방법은 ‘마약은 출구 없는 미로’라는 뜻의 ‘노 엑시트(NO EXIT.."
27,"국내에서도 사회적 문제로 떠오른 마약 범죄를 사전 차단하기 위해 전남 주요 지도층들이 ‘마약범죄 예방’ 릴레이 캠페인 운동을 벌이고 있다.
‘마약 예방 릴레이 캠페인’은 경찰청과 한국마약퇴치운동본부가 공동으로 마약 범죄에 대한 경각심을 알리고 예방하기 위한 사회적 분위기 확산을 목적으로 진행되고 있다. 경찰청 명예 치안감인 원로배우 최불암 씨가 첫 주자.."
27,"정용근 대전경찰청장이 마약범죄 예방을 위한 캠페인에 동참했다.

대전경찰청은 정 청장이 2일 대전경찰청에서 마약범죄 예방을 위한 ‘NO EXIT’ 릴레이 캠페인에 참여했다고 밝혔다.

정 청장은 ‘출구 없는 미로, 마약, 절대 시작하지 마세요’ 문구가 담긴 캠페인 인증사진을 사회관계망서비스(SNS)에 올렸다. 다음 캠페인 참여 주자로 이장우 대전시장과 .."
28,"이른바 ‘좀비 마약’으로 불리는 마약성 진통제 펜타닐 패치 수천장을 불법으로 처방해 준 의사가 구속기소됐다. 무분별한 펜타닐 처방으로 의사가 구속된 사례는 처음이다.
서울중앙지검 마약범죄특별수사팀(팀장 신준호)은 가정의학과 의사 신모(59)씨를 마약류관리법 위반 등 혐의로 구속기소, 정형외과 의사 임모(42)씨를 불구속기소했다고 27일 밝혔다. 펜타닐 .."
28,"이른바 ‘좀비 마약’으로 불리는 마약성 진통제 펜타닐 패치 수천장을 불법으로 처방해준 의사가 구속기소 됐다. 무분별한 펜타닐 처방으로 의사가 구속된 사례는 처음이다.
서울중앙지검 마약범죄특별수사팀(팀장 신준호)은 가정의학과 의사 신모(59)씨를 마약류관리법 위반 등 혐의로 구속기소, 정형외과 의사 임모(42)씨를 불구속기소 했다고 27일 밝혔다. 펜타닐.."
28,"이른바 '좀비 마약'으로 불리는 마약성 진통제 펜타닐 패치 수천장을 불법 처방해준 의사들이 재판에 넘겨졌다. 
 
 서울중앙지검 마약범죄특별수사팀(팀장 신준호 강력범죄수사부장)은 27일 마약 중독자에게 펜타닐 패치 4천여장을 처방해준 가정의학과 의사 신모(59)씨를 구속기소하고, 같은 중독자에게 패치 600여장을 처방해준 정형외과 의사 임모(42)씨를 .."
28,"환자를 직접 진찰하지 않은 채 환자의 말만 듣고 ‘펜타닐 패치’ 수천장을 처방한 의사가 재판에 넘겨졌다. 펜타닐은 말기 암환자 등 극심한 통증자에게 사용하는 마약성 진통제인데 이에 중독된 사람들이 길거리에 늘어져 있다고 해 ‘좀비 마약’으로 불린다. 검찰이 펜타닐 패치를 무분별하게 처방한 혐의로 의사를 구속 기소한 것은 이번이 처음이다.

서울중앙지검 .."
28,"환자를 직접 진찰하지 않고 환자의 말만 듣고는 ‘펜타닐 패치’ 수천장을 처방한 의사가 재판에 넘겨졌다. 펜타닐은 말기 암환자 등 극심한 통증자에게 사용하는 마약성 진통제인데 이에 중독된 사람들이 길거리에 늘어져있다고 해 ‘좀비 마약’으로 불린다. 검찰이 펜타닐 패치를 무분별하게 처방한 혐의로 의사를 구속기소한 것은 이번이 처음이다.

서울중앙지검 마약범.."
29,"서울 강남의 한 유흥주점에서 술을 마신 종업원과 손님이 사망한 사건이 발생했다. 경찰은 이들이 마신 술에 마약류로 의심되는 물질이 들어 있던 것으로 보고 정확한 사망 경위를 수사하고 있다.

서울 강남경찰서는 지난 5일 새벽 강남 한 유흥주점에서 30대 여성 종업원 A씨와 20대 남성 B씨가 사망한 사건을 수사 중이라고 6일 밝혔다. 

A씨는 사건 당.."
29,"경찰이 ‘강남 유흥주점 사망사건’과 관련, 마약 유통책에 대해 구속영장을 신청했다.



서울 강남경찰서는 마약류 관리에 관한 법률 위반 혐의로 마약 유통책 50대 A 씨 등 4명에 대한 구속영장을 신청했다고 29일 밝혔다.



경찰에 따르면, 전날 경찰에 붙잡힌 A 씨는 이달 5일 강남 유흥주점에서 필로폰(메스암페타민)으로 의심되는 마약을 투약하고,.."
29,"여종업원이 사망하는 사건이 발생한 서울 강남의 유흥업소 입구에 지난 6일 마약 사용을 금지하는 경고문이 붙어있다. 뉴스1 
 강남 유흥주점에서 손님이 건넨 술을 마신 종업원이 숨진 사건을 경찰이 수사중인 가운데, 해당 손님의 차량에서 발견된 마약 물질은 약 2000명이 투약할 수 있는 분량인 것으로 확인됐다. 
 
 경찰은 이 사건의 핵심 인물인 20대.."
29,"경찰이 '강남 유흥주점 사망사건'과 관련 있는 마약 유통책 등의 구속영장을 신청했다. 
 
 서울 강남경찰서는 마약류 관리에 관한 법률 위반 혐의로 마약 유통책인 50대 A씨 등 4명에 대한 구속영장을 신청했다고 29일 밝혔다. 
 사진=뉴시스 구속 전 피의자 심문(영장실질심사) 일정은 아직 잡히지 않았다. 
 
 전날 경찰에 붙잡힌 A씨는 이달 5일 .."
29,"‘강남 유흥주점 사망사건’과 관련해 마약 유통책 4명이 구속됐다. 
 
 서울중앙지법 양환승 부장판사는 30일 구속 전 피의자 심문(영장실질심사)에서 “도주의 우려가 있다”며 피의자 4명에 대한 구속영장을 발부했다. 
 
 강남 유흥업소 사망 사건과 연루된 마약 공급책 및 유통책 등이 30일 오전 서울 서초구 서울중앙지방법원에서 열린 구속 전 피의자 심.."
30,"사진=게티이미지뱅크 앞으로 음주 무면허 운전으로 사고를 내거나 뺑소니 사고를 내면 보험 혜택을 거의 받지 못한다. 마약 약물을 복용한 상태에서 사고를 낸 운전자 역시 마찬가지다. 수억원대에 이르는 사고부담금을 고스란히 본인이 내야하므로 중대 법규를 위반할 경우 ‘패가망신’할 각오를 해야한다. 
 
 국토부는 오는 28일 이 같은 내용을 담은 새 ‘자동차.."
30,"새 자동차손해배상 보장법 28일 시행 신규 갱신 계약부터 적용

사고부담금 확대 사망사고 1건당 1000만 원→사망 1인당 최대 1억5000만 원

앞으로 음주운전이나 무면허 뺑소니 사고를 내면 사실상 보험 혜택을 받지 못하는 수준의 높은 사고 부담금이 부과된다.



마약 약물 복용 상태서 사고를 낸 운전자 역시 마찬가지로 이들 운전자는 패가망신을 각.."
30,"오는 28일부터 자동차 보험에 가입한 운전자가 음주운전이나 무면허, 뺑소니 사고를 내면 보험 혜택을 거의 받지 못하게 된다. 
 
국토교통부는 마약 약물, 음주, 무면허, 뺑소니 사고를 낸 운전자가 의무보험 한도 내에서 피해자에게 지급된 보험금 전액을 사고부담금으로 부담하게 하는 자동차손해배상 보장법 개정안이 시행된다고 24일 밝혔다. 사고부담금은 사고.."
30,"28일 이후 자동차 보험에 가입한 운전자는 술을 마시거나 마약 약물을 흡입한 뒤 차를 몰다 사고를 내면 의무보험 한도 내에서 피해자에게 지급된 보험금 전액을 부담해야 한다. 
 
 이렇게 되면 경우에 따라 종전보다 수십 배 넘는 사고부담금을 물어내야 할 수도 있다. 무면허 상태로 운전하다 사고를 내거나 뺑소니 사고를 일으킨 때도 마찬가지다. 
 
 국토.."
30,"28일 이후 자동차 보험에 가입한 운전자는 술을 마시거나 마약 약물을 흡입한 뒤 차를 몰다 사고를 내면 의무보험 한도 내에서 피해자에게 지급된 보험금 전액을 부담해야 한다. 이렇게 되면 경우에 따라 종전보다 수십 배 넘는 사고부담금을 물어내야 할 수도 있다. 무면허 상태로 운전하다 사고를 내거나 뺑소니 사고를 일으킨 때도 마찬가지다. 
 
 국토교통부는.."
31,"윤석열 대통령은 9일 국무회의에서 취임 1주년 소회를 밝히며 “거야(巨野) 입법에 가로막혀 필요한 제도를 정비하기 어려웠던 점도 솔직히 있다”고 말했다. 
 
윤 대통령은 “최선을 다할 것이다. 그러나 무너진 시스템을 회복하고 체감할만한 성과를 이루기에는 시간이 필요하다”며 이같이 밝혔다. 윤 대통령이 공언한 노동 연금 교육 개혁 등 국정과제가 과반 의.."
31,"뉴시스 
 윤석열 대통령(사진 왼쪽에서 세번째)은 취임 1년을 앞둔 9일 ""대통령직에 취임한 1년 전 이맘때를 생각하면 외교 안보만큼 큰 변화가 이루어진 분야도 없다""고 자평하면서 과거 정부의 반시장적 정책으로 사회적 약자들이 전세사기 등의 고통을 받았다고 밝혔다. 또 ""거야(巨野)에 막혀 필요한 제도 정비하기 어려웠다""고도 털어놨다. 
 
 윤 대통령.."
31,"윤석열 대통령은 9일 전세 사기, 투자 사기, 마약 범죄 증가 등이 문재인 정부의 잘못된 정책에서 비롯됐다고 지적했다. 
 
윤 대통령은 이날 오전 용산 대통령실에서 국무회의를 주재, 방송 생중계로 공개된 모두발언에서 “최근 전세 사기, 주식과 가상자산에 관한 각종 투자 사기가 집단적 피해를 야기하고 있다”며 “특히 서민과 청년세대가 회복하기 어려운 피.."
31,"윤석열 대통령이 취임 1주년을 하루 앞둔 9일 “건물과 제도를 무너뜨리는 데는 시간이 걸리지 않는다. 순간이다”라며 “무너진 것을 다시 세우는 데는 엄청난 시간과 노력이 든다”고 밝혔다. “거야(巨野) 입법에 가로막혀 필요한 제도를 정비하기 어려웠던 점도 솔직히 있다”고도 했다. 전임 문재인 정부와 더불어민주당이 추진한 정책들이 최근 전세사기, 주식 가.."
31,"윤석열 대통령이 취임 1주년을 하루 앞둔 9일 “건물과 제도를 무너뜨리는 데는 시간이 걸리지 않는다. 순간이다”라며 “무너진 것을 다시 세우는 데는 엄청난 시간과 노력이 든다”고 밝혔다. “거야(巨野) 입법에 가로막혀 필요한 제도를 정비하기 어려웠던 점도 솔직히 있다”고 도 했다. 전임 문재인 정부와 더불어민주당이 추진한 정책들이 최근 전세 사기, 주식.."
32,"한동훈 법무부 장관이 “국가 전체 마약 조직범죄 대응 역량을 회복해야 한다”며 대검찰청(대검)에 가칭 ‘마약 강력부’를 조속히 설치하라고 지시했다. 
 
한 장관은 12일 법무부 주례 간부간담회에 참석해 강남 대치동 학원가에서 발생한 ‘마약 음료’ 사건을 언급하며 “마약이 일상 속으로 침투하고 있다는 것을 보여주는 사례이므로 전국적인 수사 역량을 가동할.."
32,"한동훈 법무부 장관이 검찰에 “마약 범죄 수사 컨트롤타워 역할을 맡을 대검찰청 강력부와 마약 부서 복원이 필요하다”고 지시했다. 
한 장관은 12일 오전 법무부 주례 간부 간담회에서 “최근 학원가에서 어린 학생들을 상대로 마약이 든 음료를 제공하는 등 충격적인 사건이 발생했다”며 이같이 밝혔다. 
한 장관은 문재인 정부의 수사권 조정에 따라 검찰이 마약.."
32,"한동훈 법무부 장관(사진)이 12일 마약 범죄 수사 컨트롤타워를 대검찰청에 복원하라고 지시했다. 
 
 한 장관은 이날 법무부 주례 간부 간담회에서 ""국가 전체 마약 조직범죄 대응 역량을 회복해야 한다""며 대검에 가칭 '마약 강력부'를 조속히 설치하라고 했다. 
 
 그는 서울 강남 대치동 학원가에서 발생한 '마약 음료' 사건을 두고 ""마약이 일상 속으.."
32,"전 정부서 조직범죄과로 통합



한동훈 법무부 장관(사진)이 12일 마약범죄 수사 컨트롤타워를 대검찰청에 복원하라고 지시했다.

한 장관은 이날 법무부 주례 간부간담회에서 “국가 전체의 마약 조직범죄 대응역량을 회복해야 한다”며 대검에 가칭 ‘마약 강력부’를 조속히 부활시키라고 했다.

한 장관은 최근 서울 강남 학원가에서 발생한 마약음료 사건과 관련.."
32,"한동훈 법무부 장관이 12일 마약범죄 수사 컨트롤타워를 대검찰청에 복원하라고 지시했다.

한 장관은 이날 법무부 주례 간부간담회에서 “국가 전체의 마약 조직범죄 대응역량을 회복해야 한다”며 대검에 가칭 ‘마약 강력부’를 조속히 부활시키라고 했다.

한 장관은 최근 서울 강남 학원가에서 발생한 마약음료 사건과 관련해 “마약이 일상 속으로 침투하고 있다는 .."
33,"아프가니스탄을 장악한 탈레반이 통치 자금을 마련하기 위해 마약 밀거래를 늘릴 수 있다는 우려가 제기된다. 아프간은 전 세계 아편 생산량의 약 80%를 차지하고 있고 아편 밀수는 탈레반의 최대 돈줄로 추정된다. 아프간과 국경을 접한 중국은 신경을 곤두세우고 있다. 아프간산 아편이 파키스탄과 신장위구르자치구를 통해 중국으로 유입될 수 있기 때문이다. 
 
.."
33,"서방국들과는 달리 아프가니스탄을 점령한 이슬람 무장세력 탈레반과 협력할 의사가 있음을 반복적으로 알리고 있는 중국이 탈레반의 집권으로 아프간 마약이 자국에 유입될 것을 우려하고 있다. 전 세계 양귀비 재배지의 약 87%가 아프간 땅에 있다. 탈레반이 마약 제조와 유통으로 통치 자금을 마련할 수 있다는 관측이 나온다. 
 
 중국 관영 신화통신에 따르면 .."
33,"이슬람 무장 단체 탈레반이 아프가니스탄을 장악한 지 한 달이 되면서 유엔과 미국을 중심으로 한 국제사회가 이들을 합법 정권으로 인정할 것인지에 대한 논쟁이 시작됐다. 탈레반 적대시 정책을 지속할 경우 국제사회가 짊어져야 하는 안보 경제적 부담과, 탈레반과 섣불리 손잡았다가 ‘아프간 인권에 등을 돌렸다’는 비난을 받는 정치적 부담 중 어느 쪽을 택할지 놓.."
33,"아프가니스탄 이슬람주의 무장세력인 탈레반이 지난 5월부터 지방 도시들이 차례로 점령하더니 급기야 8월 15일 수도 카불에 입성했다. 미군이 지난 4월 철군을 발표한 지 넉 달 만이다. 아프간의 아슈라프 가니 대통령은 항공편으로 국외 도피했다. 미군은 떠나고 다시 오지 않는다. 
 이슬람법(샤리아)에 의한 지배와 중세 이슬람 사회의 규범과 관습을 추구하는.."
33,1일부터 미군의 철수가 시작된 아프가니스탄에서 8 10일 3일 연속 테러가 발생했다. 11일에는 수니파 무장반군 탈레반이 수도 카불에서 서쪽으로 불과 약 40km 떨어진 네르크를 점령하는 등 정국 불안이 격화하고 있다. 탈레반이 카불까지 점령하고 전 국토를 장악하는 것이 시간문제라는 전망도 나온다. 시리아와 이라크에서 밀려난 이슬람국가(IS) 역시 아프..
34,"환각 상태에서 운전하다 부산 해운대에서 7중 추돌 사고를 낸 운전자가 1심에서 징역 5년을 선고 받았다. 
 
부산지법 동부지원 형사1부(부장판사 염경호)는 16일 마약류 관리에 관한 법률 위반 혐의 등으로 재판에 넘겨진 포르쉐 운전자 A씨에게 징역 5년을 선고했다. 
 
법원은 마약을 건넨 동승자 B씨에게는 징역 3년에 집행유예 5년을 선고했다. 
 .."
34,"부산 해운대 도심에서 합성 대마 환각 상태로 포르쉐를 몰아 연쇄 추돌사고를 내고 7명을 다치게 한 운전자에게 법원이 징역 5년을 선고했다.
부산지법 동부지원 형사1부(염경호 부장판사)는 16일 마약류 관리에 관한 법률 위반 혐의 등으로 재판에 넘겨진 포르쉐 운전자 A씨에게 징역 5년을 선고했다.
법원은 마약을 건넨 동승자 B씨에게는 징역 3년에 집행유예.."
34,"마약으로 인한 환각 상태로 부산 해운대 도심을 질주해 연쇄 추돌 사고를 낸 포르쉐 운전자와 동승자가 재판에 넘겨졌다. 이들은 텔레그램으로 합성 대마와 필로폰 등을 구매했던 것으로 확인됐다. 
 
부산지검 동부지청은 특정범죄가중처벌 등에 관한 법률 위반(위험운전치상) 등 혐의로 포르쉐 운전자 A씨를 구속기소하고, 동승자 B씨를 불구속기소 했다고 13일 밝.."
34,"부산 해운대 도심에서 환각 질주를 벌여 연쇄 추돌 사고를 낸 포르쉐 운전자와 동승자는 텔레그램으로 합성 대마와 필로폰 등을 구매했던 것으로 확인됐다. 
 
 부산지검 동부지청은 특정범죄가중처벌 등에 관한 법률 위반(위험운전치상) 등 혐의로 포르쉐 운전자 A씨를 구속기소하고, 동승자 B씨를 불구속기소 했다고 13일 밝혔다. 
 
 A씨는 지난달 14일 오.."
34,"부산 해운대 도심에서 환각 질주로 연쇄 추돌 사고를 낸 포르쉐 운전자와 동승자가 텔레그램으로 합성 대마와 필로폰 등을 구매했던 것으로 확인됐다.
13일 부산지검 동부지청은 특정범죄가중처벌 등에 관한 법률 위반(위험운전치상) 등 혐의로 포르쉐 운전자 A씨를 구속기소하고, 동승자 B씨를 불구속기소 했다고 밝혔다.
A씨는 지난달 14일 오후 5시 40분쯤 부.."
35,"영화 ‘범죄도시3’가 개봉 6일째인 5일 500만 관객을 돌파했다. 
 
‘범죄도시3’ 측은 “5일 오후 4시 40분경에 ‘범죄도시3’가 500만 관객을 돌파했다”고 밝혔다. 
 
‘범죄도시3’는 개봉 이틀째 100만 관객을 돌파했고 매일 100만 명의 관객이 관람하며 기록을 세우고 있다. 특히 지난해 개봉한 ‘범죄도시2’ 같은 경우 개봉 10일째 50.."
35,"영화 ‘범죄도시3’이 900만 관객을 돌파했다. 
20일 영화진흥위원회 통합전산망 기준, 개봉 21일째인 이날 오전 7시 30분 900만 관객을 돌파하며 올해 개봉 한국영화 중 무려 20일간 최장기간 박스오피스 1위를 달성했다. 
영화 ‘범죄도시3’은 개봉 1일 100만, 3일 200만, 4일 300만, 5일 400만, 6일 500만, 7일 600만, .."
35,"마동석 주연의 액션 영화 '범죄도시 3'이 개봉 5일째인 4일 누적 관객 수 400만명을 돌파했다고 배급사 에이비오엔터테인먼트가 밝혔다. 
 
 배급사 측에 따르면 '범죄도시 3'의 누적 관객 수는 이날 낮 12시께 400만명을 넘어섰다. 
 액션 영화 '범죄도시 3'이 개봉 5일째인 4일 누적 관객 수 400만 명을 돌파했다고 배급사 에이비오엔터테인먼.."
35,"마동석 주연의 액션 영화 ‘범죄도시3’(감독 이상용 사진)가 올해 처음으로 누적 관객 수 700만명을 돌파한 영화가 됐다. 천만 관객 돌파도 가능해 보여 1269만명을 기록한 전편(‘범죄도시2’)에 이어 ‘쌍 천만’ 달성도 코앞으로 다가왔다는 전망이다. 
 
 11일 영화진흥위원회 영화관입장권 통합전산망 집계에 따르면, ‘범죄도시3’는 전날 57만408.."
35,"마동석 주연의 액션 영화 ‘범죄도시3’(감독 이상용)가 올해 처음으로 누적 관객 수 700만명을 돌파한 영화가 됐다. 천만 관객 돌파도 가능해 보여 1269만명을 기록한 전편(‘범죄도시2’)에 이어 ‘쌍 천만’ 달성도 코앞으로 다가왔다는 평가다. 
 
 11일 영화진흥위원회 영화관입장권 통합전산망 집계에 따르면, ‘범죄도시3’는 전날 57만4085명의 .."
36,"마약류를 건강기능식품으로 둔갑시켜 해외에서 몰래 들여와 유통한 태국인들이 무더기로 적발됐다. 마약을 사고판 태국인 대부분은 불법체류자였으며 거래한 뒤 모여서 투약까지 한 것으로 드러났다. 
 
 인천경찰청 광역수사대는 특정범죄가중처벌법상 마약류관리법 위반(향정) 혐의로 마약 밀수 총책 40대 태국인을 구속했다고 7일 밝혔다. 또 30대 국내 판매책 등 .."
36,"국내에 체류 중인 태국인 노동자를 상태로 필로폰과 환각성이 강한 합성마약을 대량 유통한 태국인 일당이 덜미를 잡혔다. 
 
부산경찰청 강력범죄수사대는 마약류 관리에 관한 법률 위반 혐의로 태국인 30대 A씨 등 6명을 구속했다고 11일 밝혔다. 
 
경찰은 이들에게 마약을 사들여 투약한 노동자 22명도 검거해 상습투약자 17명을 구속했다. 나머지 5명은.."
36,전북경찰이 태국인 마약 조직으로부터 압수한 필로폰 5㎏과 야바 1만정 등 증거물을 분류하고 있다. 이 마약은 18만명이 동시에 투약할 수 있는 분량이다. 전북경찰청 제공 국내에 불법 체류 중인 태국인들이 자국에서 마약을 몰래 들여와 전국 각지에 유통하다 경찰에 덜미를 잡혔다. 이들이 국내로 들여온 마약은 필로폰 5㎏과 야바 1만정 등으로 18만명이 동시..
36,"건강기능식품으로 위장한 신종 마약 ‘야바’를 국제우편으로 몰래 들여와 전국에 판매하거나 투약한 태국인들이 무더기로 붙잡혔다. 인천경찰청 광역수사대는 특정범죄가중처벌법상 향정 혐의로 마약 밀수 총책 A씨(45)를 구속했다고 7일 밝혔다. 경찰은 또 마약류 관리에 관한 법률 위반 혐의로 국내 유통책 B씨(35) 등 48명을 구속하고, 투약자 등 33명을 불.."
36,"마약류를 건강기능식품으로 둔갑시켜 해외에서 몰래 들여와 유통한 태국인들이 무더기로 적발됐다. 마약을 사고판 태국인 대부분은 불법체류자였으며 거래한 뒤 모여서 투약까지 한 것으로 드러났다. 
 
 인천경찰청 광역수사대는 특정범죄가중처벌법상 마약류관리법 위반(향정) 혐의로 마약 밀수 총책 40대 태국인을 구속했다고 7일 밝혔다. 또 30대 국내 판매책 등 .."
37,"관세청 관세국경관리연수원은 다음달 8일까지 마약탐지견 23마리를 국민에게 분양하기 위한 신청서를 접수한다고 27일 밝혔다.
탐지견을 민간에 분양하는 것은 전국의 공항 항만 세관 현장에서 마약탐지견으로 활약하다 은퇴했거나, 탐지견 양성 훈련과정에서 탈락한 탐지견들에게 새로운 삶을 찾아주기 위한 것이다.
분양 대상 탐지견은 1~9세의 래브라도 리트리버 20.."
37,"관세청 관세국경관리연수원은 18일 공항과 항만 등 일선 세관 현장에서 활약하다 은퇴했거나, 훈련견 양성 과정에서 탈락한 마약탐지견 13두를 일반 국민을 대상으로 분양한다고 밝혔다. 
 
 견종은 래브라도 리트리버와 스프링거 스파니엘로 기초 훈련을 잘 받았고, 영리하며 친화력이 뛰어나 훈련 교관과 관세청 직원들의 사랑을 듬뿍 받아왔다는 설명이다. 
 
 .."
37,"착한 맏딸 같은 미리, 활발하고 에너지 넘치는 민주, 공놀이 좋아하는 주리 
 
관세청 관세국경관리연수원은 공항과 항만 등 세관 현장에서 활약하다 은퇴하거나, 훈련견 양성 과정에서 탈락한 마약탐지견 13마리를 일반 국민을 대상으로 분양한다고 18일 밝혔다. 
 
이번에 분양되는 견종(犬種)은 래브라도 리트리버와 스프링거 스파니엘로 기초 훈련을 잘 받았.."
37,"관세청, 민간에 23마리 분양
학교 등 단체도 신청 가능



공항과 항만, 세관 현장에서 마약탐지견으로 활약하다 은퇴했거나 탐지견 양성 훈련과정에서 탈락한 탐지견들이 민간에 분양된다. 

관세청 관세국경관리연수원은 10월8일까지 탐지견 23마리를 분양한다고 27일 밝혔다.

분양하는 견종은 래브라도 레트리버 20마리와 스프링어 스패니얼 3마리며 나이는.."
37,"공항과 항만, 세관 현장에서 마약탐지견으로 활약하다가 은퇴했거나 탐지견 양성 훈련과정에서 탈락한 탐지견들이 민간에 분양된다. 

관세청 관세국경관리연수원은 10월 8일까지 탐지견 23마리를 분양을 한다고 27일 밝혔다. 분양하는 견종은 래브라도 리트리버 20마리와 스프링거 스파니엘 3마리며 나이는 1 9세다. 모두 기초 훈련을 잘 받아서 영리하고 친화력.."
38,미국 연방수사국(FBI)이 조 바이든 민주당 대선후보 아들 헌터 바이든의 이메일로 추정되는 자료가 해외 정보기관과 연루됐는지를 수사하고 있다고 미 NBC방송이 16일(현지시간) 보도했다. 앞서 뉴욕포스트는 전날 바이든과 헌터의 부패 의혹을 입증한 헌터의 이메일 자료를 입수했다고 보도해 파장을 일으켰다. 트위터와 페이스북이 이 보도를 해킹된 자료라는 이유..
38,"미국 연방수사국(FBI)이 민주당 대선후보인 조 바이든 전 부통령의 아들인 헌터 바이든(50)의 사생활 자료가 대거 유출된 사건과 관련해 외국 정보기관의 연루 여부를 수사하고 있다. 페이스북과 트위터는 자료의 출처가 불분명하다는 이유로 첫 보도의 링크를 차단했다. 
 
NBC 방송은 현지시각으로 16일 FBI가 헌터의 자료가 담긴 노트북 컴퓨터와 하드디.."
38,"국제 범죄조직이 수년 간 각종 범죄를 모의할 때 애용하던 암호화 메신저 앱이 사실은 미국 연방수사국(FBI)이 개발해 침투시킨 ‘트로이의 목마’였던 것으로 드러났다. FBI를 비롯한 각국 수사당국은 최근까지 100여 개 국가의 범죄조직이 이 앱을 통해 벌이는 모의를 낱낱이 지켜보며 범죄를 예방하는 한편 800여 명을 체포하는데 성공했다. 
 
 9일 월.."
38,"국제 범죄조직이 수년간 각종 범죄를 모의할 때 애용하던 암호화 메신저 앱이 사실은 미국 연방수사국(FBI)이 개발해 침투시킨 ‘트로이의 목마’였던 것으로 드러났다. FBI를 비롯한 각국 수사당국은 최근까지 100여 개 국가의 범죄조직이 이 앱을 통해 벌이는 모의를 낱낱이 지켜보며 범죄를 예방하는 한편 800여 명을 체포하는 데 성공했다. 
 
 9일 월.."
38,"미국 연방수사국(FBI)이 민주당 대선후보 조 바이든 전 부통령의 아들인 헌터 바이든(50)의 사생활 자료가 대거 유출됐다.
앞서 보수성향의 미국 신문 뉴욕포스트는 노트북과 하드디스크에 헌터로 추정되는 인물이 마약 코카인을 흡입하면서 신원미상 여성과 성행위를 하는 12분짜리 동영상과 성행위 사진들도 담겼다고 보도했다.
페이스북과 트위터는 자료의 출처가 .."
39,"미국 백악관이 다음달 인도네시아 발리에서 열리는 주요 20개국(G20) 정상회의에서 미 러 정상이 조우하지 않도록 가능한 모든 조치를 취하는 반면, 미 중 정상 간 회담은 성사를 염두에 두고 물밑작업을 벌인다는 보도가 나왔다.
미 정치전문매체 폴리티코는 19일(현지시간) 미 당국자들이 조 바이든 대통령과 블라디미르 푸틴 러시아 대통령 간 만남 방지에 주.."
39,"러시아 용병기업 와그너 그룹이 우크라이나 전쟁 이후 자국에서 모집한 죄수 용병 수천 명 가운데 500명 이상이 지금까지 사망한 것으로 확인됐다고 러시아 독립 언론 더 인사이더가 5일(현지시간) 보도했다.
보도에 따르면, 우크라이나 비정부기구(NGO) 우크라이나 하이브리드 위협 분석연구 대응센터는 와그너 그룹의 수장 중 한 명인 안드레이 트로셰프가 와그너.."
39,2차 세계대전 이후 유럽에서 일어난 첫 전면전이라는 러시아의 우크라이나 침공에는 두 ‘내러티브(narrative 사건에 맥락을 부여하는 서사)’가 있다. 첫째는 푸틴이 자주 불평해온 ‘북대서양조약기구(NATO)의 끊임없는 확대’다. 러시아가 이를 참지 않기로 하면서 우크라이나의 NATO 가입 시도를 저지하기 위해 전쟁을 벌였다는 것이다. 여기에는 미국의..
39,"이란이 우크라이나 침공 전 러시아에 드론을 공급했다고 시인했다. AFP통신과 CNN에 따르면 5일(현지시간) 호세인 아미르압둘라히안 이란 외무장관은 전날 발표한 성명에서 “우리는 우크라이나 전쟁 이전에 러시아에 제한된 수량의 드론을 제공했다”고 말했다. 
 
이란은 지금까지 서방의 거듭된 의혹에도 공격용 드론을 비롯해 러시아에 어떤 무기도 공급한 적이 .."
39,"우크라이나 침공 8개월 만에 깊은 수렁에 빠진 블라디미르 푸틴 러시아 대통령의 열성 지지자들이 등을 돌리고 있다. 우크라이나 국방부는 “사흘 안에 우크라이나를 함락하겠다”고 호언장담했던 푸틴 대통령을 조롱하는 메시지를 내놨다. 
◇전쟁 강경파도 자국 향한 비판 날 세워
1일(현지시간) 미국 뉴스위크에 따르면 안드레이 시도로프 모스크바국립대 교수는 러시아.."
40,"미국이 지난해 코로나19 대유행과 맞물려 약물 과다복용에 따른 사망자가 9만명을 훌쩍 넘어서며 역대 최대치로 치솟았다. 


 


로이터통신은 14일(현지시간) 질병통제예방센터(CDC) 자료를 인용해 지난해 약물 과다복용 사망자가 9만3331명으로 집계됐다고 보도했다. 


 


이는 2019년 7만2151명과 비교해 무려 29.4% 늘어난 것으로,.."
40,"■ Global Focus - 미국, 마약성 진통제 ‘펜타닐’ 공포 6년간 21만명 사망



타물질 혼합 형태 변형 쉬워

“무지개 사탕 모양 제조 유통”

교육청서 학부모에 경고문도



청소년 흡연 음주는 줄었는데

약물과다 사망 3년새 2배 늘어



2㎎만으로 성인 호흡중추 마비

침구 묻은 미량 펜타닐 흡입해

19개월 영아 갑자기 숨지기도.."
40,"미국에서 정부와 사회가 코로나19 팬데믹 대응에 역량을 집중하는 사이 사상 처음으로 연간 10만여명이 약물 남용으로 숨진 것으로 나타났다. 
 
미 질병통제예방센터(CDC)는 지난해 5월부터 올해 4월까지 미국인 10만306명이 마약 등 약물을 과다복용해 사망한 것으로 추정했다고 CBS뉴스 등이 17일(현지시간) 보도했다. 
 
전년 같은 기간 28.5.."
40,"미국에서 정부와 사회가 코로나19 팬데믹 대응에 역량을 집중하는 사이 사상 처음으로 연간 10만여명이 약물 남용으로 숨진 것으로 나타났다. 
 
미 질병통제예방센터(CDC)는 지난해 5월부터 올해 4월까지 미국인 10만306명이 마약 등 약물을 과다복용해 사망한 것으로 추정했다고 CBS뉴스 등이 17일(현지시간) 보도했다. 전년 같은 기간 28.5% 늘.."
40,"지난해 약물 과다복용 사망, 미국 역사상 최다 
자가격리 봉쇄조치로 약물에 더욱 의존 
마약성 진통제 ‘펜타닐’ 주범 불법 판매 늘어 
올해도 약물 과다복용 사망자 줄지 않을 듯 
 
 
지난해 미국에서 약물 과다복용으로 모두 9만 3000여명이 숨졌다고 AP통신이 14일(현지시간) 보도했다. 
 
AP통신은 “미국 질병통제예방센터(CDC)가 지난해 약.."
41,"마약 투약 혐의를 받는 배우 유아인(37 본명 엄홍식)의 모발에서 프로포폴과 대마 성분 외에도 코카인과 케타민 성분이 검출된 것으로 나타났다.

2일 경찰 등에 따르면, 서울경찰청 마약범죄수사대는 지난 1일 국립과학수사연구원으로부터 유아인의 모발 정밀 감정 결과를 받았다. 감정 결과에는 지난달 중순 검출된 프로포폴과 대마 성분 외에도 코카인, 케타민에서.."
41,"배우 유아인(37 본명 엄홍식)씨가 대마 프로포폴 외에 코카인과 케타민을 투약한 혐의도 포착됐다. 
 
 2일 경찰에 따르면 서울경찰청 마약범죄수사대는 지난달 17일 국립과학수사연구원으로부터 유씨 모발에서 코카인과 케타민 양성 반응이 나왔다는 정밀 감정 결과를 통보받았다. 
 
 배우 유아인(본명 엄홍식 37). 한윤종 기자 유씨의 모발 감정에서 검출된.."
41,"마약류 투약 혐의로 경찰 조사를 받고 있는 배우 유아인(본명 엄홍식 37)의 모발 검사 결과 코카인과 케타민 성분이 검출된 것으로 드러났다. 이에 따라 유아인이 투약한 것으로 의심되는 마약류는 앞서 양성 반응이 나온 대마와 프로포폴에 이어 코카인, 케타민까지 모두 네 종류로 늘었다. 
 
 1일 동아일보 취재를 종합하면 국립과학수사연구원(국과수)이 최근.."
41,"마약류인 프로포폴과 대마 투약 혐의를 받는 배우 유아인(37 본명 엄홍식)의 모발에서 코카인과 케타민이 추가로 검출됐다.
1일 경찰 등에 따르면 국립과학수사연구원(국과수)은 최근 서울경찰청 마약범죄수사대에 유아인의 모발 정밀 감정 결과를 통보했다. 감정 결과엔 프로포폴과 대마에 이어 코카인과 케타민 양성 반응이 나왔다는 내용이 담긴 것으로 전해졌다. 
.."
41,"마약 투약 혐의를 받는 배우 유아인(37 본명 엄홍식)의 정밀 분석 결과에서 프로포폴, 대마 성분 외에도 코카인, 케타민 성분이 검출된 것으로 드러났다.



2일 <한겨레> 취재를 종합하면, 국립과학수사연구원(국과수)는 유아인의 모발 감정 결과 프로포폴과 대마 성분 외에도 코카인, 케타민에도 양성 반응이 나왔다는 내용을 최근 서울경찰청 마약범죄수사대에.."
42,"올해 노벨평화상 영예는 표현의 자유를 수호하는 데 기여한 공로로 필리핀의 마리아 레사(58), 러시아의 드미트리 무라토프(59) 등 언론인 2명에게 돌아갔다. 
 
 노르웨이 노벨위원회는 민주주의와 지속되는 평화를 위한 전제 조건인 표현의 자유를 지키려는 노력을 높이 평가해 이들 2명을 2021년 노벨평화상 수상자로 선정했다고 8일(현지시간) 발표했다..."
42,"“표현의 자유는 평화와 민주주의의 전제조건이다.” 

올해 노벨 평화상은 독립언론을 이끈 언론인들에게 돌아갔다. 노르웨이 노벨위원회는 8일(현지시간) 올해의 노벨 평화상 수상자로 마리아 레사 드미트리 무라토프를 선정했다. 프랑스 매체 프랑스24는 “독립언론을 이끈 언론인에게 상을 수여한 건 노벨 평화상 120년 역사상 처음”이라고 전했다.

베리트 라이.."
42,"필리핀 레사 “사실이 없는 세계는 진실과 믿음이 없는 세계”
러 무라토프 “숨진 기자들 위한 상 억압적 현실 대변할 것”



올해 노벨 평화상은 독립언론을 이끈 언론인들에게 돌아갔다. 노르웨이 노벨위원회는 8일(현지시간) 올해의 노벨 평화상 수상자로 마리아 레사와 드미트리 무라토프를 선정했다.

레사와 무라토프는 각각 필리핀과 러시아에서 권위주의 정권.."
42,"2021년 노벨 평화상은 표현의 자유를 위해 싸운 필리핀과 러시아 언론인 2명이 공동 수상했다. 
 
노르웨이 노벨위원회는 8일(현지 시각) 필리핀에서 로드리고 두테르테 정권에 맞서 온라인 언론사를 운영해온 마리아 레사(58)와 러시아에서 블라디미르 푸틴 정권의 언론 통제에 저항한 신문사 편집장 드미트리 무라토프(60)를 올해 노벨평화상 공동 수상자로 .."
42,"노벨 평화상 공동 수상자인 필리핀의 마리아 레사(왼쪽)와 러시아의 드미트리 무라토프. 연합뉴스 올해 노벨평화상의 영예는 정치권력의 압력에 굴하지 않고 표현의 자유와 진실 보도를 위해 헌신해온 언론인들에게 돌아갔다. 
 
 노르웨이 노벨위원회는 8일(현지시간) 민주주의와 항구적 평화의 전제조건인 표현의 자유를 지키려는 노력을 높이 평가해 마리아 레사(58.."
43,"배우 유아인(본명 엄홍식 37)이 프로포폴 등 마약 투약 혐의로 경찰 수사를 받는 가운데 프로포폴을 처방받은 한 병원에서도 유아인의 잦은 프로포폴 투약을 만류했다는 정황이 드러났다.
지난 2일 MBC ‘뉴스데스크’에 따르면 경찰은 유아인이 다니던 서울의 한 병원장이 유아인에게 “너무 많이 수면 마취를 하면 안 된다” “병원을 옮겨 다니면 안 된다”고 주.."
43,"- 코로나백신 부족에 “잔량 최소화” LDS주사기 주목



1853년 佛서 현대형태 발명

신경통 등 질병 치료에 큰 몫

1950년 일회용 주사기 개발

다회사용 인한 감염위험 줄여



코로나백신 제약사 공급 차질

각국 ‘백신 쥐어짜기’ 아우성

국내 中企, LDS주사기 개발

“백신 20% 추가 증산한 효과”



세계 각국이 신종 코로나바이러.."
43,"두통은 전 인구의 80% 이상이 1년에 1회 이상 겪는다. 하지만 두통으로 병원을 찾는 이들은 드물다. 가까운 약국을 찾아 그때그때 통증을 가라앉히는 게 전부다.
그러나 참기 힘들 만큼 두통이 심하거나 잦은 두통은 몸에 문제가 생겼다는 신호일 수 있다. 병원을 찾아 정확한 검사를 받아보는 것이 필요하다.
조현지 인천성모병원 신경과 교수는 “누구나 두통을.."
43,"C형 간염을 적절한 시기에 발견해 치료하면 간암 같은 중증 질환으로 발전할 가능성을 크게 낮춘다는 연구 결과가 나왔다. 간 관련 학계에서는 C형 간염을 조기에 발견하기 위해 관련 검사를 국가건강검진 항목에 추가해야 한다고 꾸준히 주장해 왔는데, 관련 논의에 속도가 붙을지 주목된다. 
 
 
 ━
 조기 치료, 사망 위험 74% 낮춰 
 
 분당서울대병원.."
43,"분당서울대병원 소화기내과 장은선 교수
# 64세 남성 A씨는 평소 건강에 자신이 있었다. 국민건강보험공단에서 시행하는 검진에서 간수치가 약간 높게 나왔지만 별다른 증상이 없고 평소 과음도 하지 않아 대수롭지 않게 생각했다. 아들의 권유로 최근 생애 첫 종합검진을 받은 A씨는 예상치도 못한 결과에 가슴이 덜컥 내려앉았다. 간암이 의심되는 혹이 발견된 것이.."
44,"5 18단체들 ‘전두환 손자 폭로’에 “죗값 치러야”



사회관계망서비스(SNS)를 통해 본인을 ‘전두환의 손자’라고 밝힌 남성이 장교들의 범죄 사실을 밝힌 가운데, 군이 사실확인에 나섰다.



국방부는 16일 “조사본부에서 사실 관계 확인 검토 후 필요할 경우 조사를 할 것”이라고 밝혔다. 국방부 조사본부 관계자도 범죄 의혹 제기에 대해 “영상에서.."
44,"소셜미디어 동영상을 통해 자신을 전두환의 손자라고 밝힌 남성이 범죄자로 지목한 지인 가운데 현직 장교가 있어 군이 사실확인에 나선다.
 
 
 국방부 조사본부 관계자는 15일 이 동영상을 통한 범죄 의혹 제기에 대해 “영상에서 범죄 의혹을 제기한 현직 군인에 대해 사실확인을 할 계획”이라고 밝혔다. 
 
 동영상에서 마약을 사용하고 권했다고 지목된 A씨.."
44,"소셜미디어 동영상을 통해 스스로 전두환의 손자라고 밝힌 남성이 범죄자로 지목한 지인 가운데 현직 장교가 있어 군이 사실확인에 나선다.
국방부 조사본부 관계자는 15일 이 동영상을 통한 범죄 의혹 제기에 대해 “영상에서 범죄 의혹을 제기한 현직 군인에 대해 사실확인을 할 계획”이라고 밝혔다.
사실확인은 입건 전 조사, 즉 내사의 이전 단계다.
동영상에서 .."
44,"소셜미디어 동영상을 통해 스스로 전두환의 손자라고 밝힌 남성이 범죄자로 지목한 지인 가운데 현직 장교가 있어 군이 사실확인에 나선다. 
 
 국방부 조사본부 관계자는 15일 이 동영상을 통한 범죄 의혹 제기에 대해 ""영상에서 범죄 의혹을 제기한 현직 군인에 대해 사실확인을 할 계획""이라고 밝혔다. 
 사진=유튜브 영상 갈무리 사실확인은 입건 전 조사, .."
44,"자신을 ‘전두환 손자’라고 밝힌 남성이 유튜브에 공개한 동영상 갈무리 
 사회관계망서비스(SNS)를 통해 스스로 전두환의 손자라고 밝힌 남성이 범죄자로 지목한 지인 가운데 현직 장교가 있어 군이 사실 확인에 나선다. 
 
 국방부 조사본부 관계자는 15일 SNS 영상을 통한 범죄 의혹 제기에 대해 “영상에서 범죄 의혹을 제기한 현직 군인에 대해 사실 확.."
45,"우리 사회에 ‘이주 역사’가 조금씩 쌓여가면서 어릴 적 외국에서 옮겨와 청년기에 접어든 이들도 늘어나고 있다. 그중 한 청년의 이야기다. 찬우(가명)씨는 갓 돌 지난 아이를 둔 24살 아빠다. 가난과 외로움을 벗하며 자랐지만 그 눈동자에 담긴 ‘말’은 담담하고 푸르다. 



타이에서 온 찬우씨 이야기



 오늘 지호(가명) 돌잔치를 했다. 방글거리는.."
45,오타니 쇼헤이는 기념비적인 선수다. 투수와 타자를 겸하는 야구 선수가 양쪽 모두 탁월한 성적을 내는 일은 베이브 루스 이후 처음이다. 스포츠가 고도로 발달한 오늘날에는 더욱 어려운 일이다. 시속 160km대 강속구를 뿌리는 선발투수면서 동시에 걸핏하면 담장을 넘기는 홈런 타자인 초특급 선수가 나타나 일본을 WBC 우승으로 이끌어낸 사건 앞에 전 세계인이..
45,헌법에 ‘행복추구권’이 나옵니다. 헌법상의 권리 이전에 모든 사람은 행복을 추구합니다. 문제는 어떻게 해야 행복을 얻을 수 있는지 우리가 잘 모른다는 사실입니다. 간단한 것처럼 보여도 행복의 정체를 규명하는 것부터가 만만치 않습니다. 상식적인 생각은 당사자가 행복하다고 느끼는 것이 곧 행복이라고 보는 것입니다. 그러나 이 정의에는 심각한 오류가 있습니다..
45,"━
 [더,오래] 신성진의 돈의 심리학(104) 
 
 역사상 최대의 부자라고 언급되는 솔로몬왕은 “헛되고 헛되며 헛되고 헛되니 모든 것이 헛되도다. 해 아래 수고하는 모든 수고가 사람에게 무엇이 유익한가”라고 말했습니다. 세상 부귀영화를 다 누리고 온갖 쾌락을 맛본 후에 기록한 그의 표현은 늘 돈을 좇는 많은 사람을 당황스럽게 합니다. 솔로몬이 아니더.."
45,"접촉은 줄고, 접속은 늘었다. 코로나19 팬데믹이 장기화해 활동량과 대면 접촉이 줄면서 활동반경은 줄고, 불안과 우울 지수는 높아졌다. 코로나19로부터 공동체를 보호하는 것 못지않게 지나친 불안과 우울로부터 자신을 지켜내는 것도 중요한 때다. 똑같은 환경이지만 평안하고 행복한 일상을 누리는 이들도 적지 않다. 그 지혜를 찾아 <한겨레>가 플라톤아카데미와.."
46,"태국 북동부 보육시설에서 총기 난사 사건이 발생해 어린이 등 30여 명이 목숨을 잃었다.
6일 방콕포스트 등 현지 언론과 외신에 따르면 태국 경찰 당국은 농부아람푸주 나끌랑 지역에서 발생한 이 사건으로 어린이 22명을 포함해 최소 34명이 숨졌다고 밝혔다.
총격 사건은 이날 오후 태국 농부아람푸시 소재 한 어린이집에서 발생했다. 이 지역은 수도 방콕으로.."
46,"태국 북동부의 어린이집 안팎에서 총기 난사 사건이 발생해 어린이 24명을 포함해 최소 36명이 숨졌다. 총기 난사범은 지난해 마약 투약 혐의로 해임됐던 34세 전직 경찰관이었다. 희생자 중에는 2세 유아와 임신 8개월의 어린이집 교사도 포함돼 있어 태국 사회가 충격에 빠졌다. 
 
 방콕포스트와 BBC 등 외신에 따르면 사건은 6일 낮 12시 반경 태국.."
46,"태국 북동부 지역의 어린이집에서 6일 전직 경찰이 총기를 난사해 어린이 20여명을 포함해 30여명이 숨졌다고 현지 매체들과 외신들이 보도했다.

태국 경찰은 이날 기자회견에서 방콕에서 북동쪽으로 500㎞ 떨어진 농부아람푸주 우타이 사완의 한 어린이집에서 총격범이 총기를 난사해 어린이 22명을 포함해 적어도 38명이 숨졌다고 밝혔다. 로이터통신은 현지 경.."
46,"태국 북동부 지역의 어린이집에서 전직 경찰이 총기를 난사해 어린이 20여명을 포함해 38명이 숨졌다고 현지 매체들과 외신들이 6일(현지시간) 밝혔다.

BBC에 따르면, 태국 경찰은 이날 기자회견을 통해 방콕에서 북동쪽으로 500㎞ 떨어진 농부아람푸주 우타이 사완의 한 어린이집에서 총격범이 총기를 난사해 어린이 22명을 포함해 적어도 38명이 숨졌다고 .."
46,"태국 북동부 보육시설에서 6일(현지시간) 어린이 등 약 40명이 목숨을 잃는 총기 난사 사건이 발생했다. 
 
 이날 방콕포스트 등 현지 언론과 외신에 따르면 태국 농부아람푸주 나끌랑 지역에서 발생한 이 사건으로 최소 38명이 숨졌다. 희생자 가운데에는 어린이가 22명 포함된 것으로 전해졌다. 
 6일 총기 난사 사건이 발생해 어린이 등 30여 명이 목.."
47,"중학생이 온라인 메신저를 통해 마약을 구입하고 이를 투약한 정황이 발견돼 경찰이 수사에 나섰다. 
 
서울 동대문경찰서는 마약류관리법 위반 혐의로 중학교 3학년 A(14)양을 전날 불구속 입건했다고 7일 밝혔다. 경찰에 따르면 A양은 지난 5일 인터넷 메신저 텔레그램을 통해 필로폰 0.05g을 구매했다. 이튿날인 6일 서울 동대문구에 위치한 자신의 집에.."
47,"경찰은 인터넷으로 구한 마약을 투약한 혐의로 여중생을 불구속 입건했다고 7일 밝혔다. 
 
 경찰에 따르면 중학교 3학년인 A양(14)은 전날 오후 6시40분께 인터넷 메신저 텔레그램을 통해 산 필로폰 0.05ｇ을 자신의 집에서 투약한 혐의(마약류관리법 위반)를 받는다. 
 
 어머니 신고로 출동한 경찰은 A양을 임의동행해 조사한 뒤 일단 귀가시켰다. .."
47,"서울 동대문경찰서는 인터넷으로 구매한 마약을 투약한 혐의로 A(14)양을 불구속 입건했다고 7일 밝혔다. 
 
 경찰에 따르면 중학교 3학년인 A양은 전날 오후 6시40분쯤 인터넷 메신저 텔레그램을 통해 산 필로폰 0.05ｇ을 동대문구 자신의 집에서 투약한 혐의(마약류관리법 위반)를 받는다. 
 
 어머니 신고로 출동한 경찰은 A양을 임의동행해 조사한 .."
47,"여중생이 텔레그램으로 필로폰을 구매하고 집에서 투약하다 입건됐다. 
 
 
 연합뉴스에 따르면 경찰은 인터넷으로 구한 마약을 투약한 혐의로 A(14)양을 불구속 입건했다고 7일 밝혔다. 
 
 중학교 3학년인 A양은 전날 오후 6시40분께 인터넷 메신저 텔레그램을 통해 산 필로폰 0.05ｇ을 서울 소재 자신의 집에서 투약한 혐의(마약류관리법 위반)를 받.."
47,"여중생이 텔레그램으로 필로폰을 구매해 집에서 투약하다가 경찰에 붙잡혔다. 
 
서울 동대문경찰서는 인터넷으로 구한 마약을 투약한 혐의로 중학생 A양(14)을 불구속 입건했다고 7일 밝혔다. 
 
경찰에 따르면 중학교 3학년인 A양은 전날 오후 6시40분쯤 인터넷 메신저 텔레그램을 통해 산 필로폰 0.05ｇ을 동대문구 자신의 집에서 투약한 혐의(마약류관리.."
48,"지능형 후각 AI 시스템 ‘ILias’을 개발하고 있는 (주)일리아스AI가 (주)리우시스템과의 공동 R&D 및 투자 협약을 체결했다고 밝혔다.
㈜리우시스템은 다양한 하드웨어 제품의 설계와 제작을 수행해온 제조업 전문 기업으로 ㈜일리아스AI가 개발하고 있는 지능형 후각 AI 서비스 플랫폼 ‘ILias’ 기술을 사용하여 마약, 반입금지 육가공품, 무기류 등.."
48,"‘인공지능(AI) 파워’가 얼어붙은 반도체 시장을 녹이고 있다. 전 세계를 강타한 생성형 AI ‘챗GPT’ 열풍으로 그래픽처리장치(GPU)에 대한 수요가 폭발적으로 증가하면서, AI용 GPU의 90%를 공급하는 엔비디아의 몸값이 천정부지로 뛰고 있는 것이다. 엔비디아가 24일(현지 시간) 월가 예상치를 53% 상회하는 2분기(엔비디아 회계 기준 5 7월.."
48,최근 인공지능 기술이 급속도로 발전하면서 AI와 ICT 분야의 연계성이 강조되고 있다. 이 중에서도 국내 지능형 후각 AI 기업인 ㈜일리아스AI가 AI 기술을 활용한 후각 데이터 사업 진행을 위한 본격적인 행보에 나서고 있다. ㈜일리아스AI는 ‘인간의 감각에 AI 기술을 더해 세상을 바꿔 나갑니다’라는 비전 하에 설립된 스타트업으로 올해 3월 과학기술정..
48,"인공지능(AI)이 곳곳에 존재하는 ‘대(大)AI 시대’가 왔지만, 어쩐지 후각 AI는 낯설다. 전문가들에 따르면 이는 몰라서 하는 소리다. 후각 AI는 잠재적 시장 규모가 300억 달러(약 39조 3700억원)라는 통계가 있을 만큼 유망한 분야다. 글로벌 시장조사기관 CB 인사이트는 ‘2023년 주목할 테크 트렌드’의 하나로 ‘향기(냄새)의 디지털화’를.."
48,"전 세계에 인공지능(AI) 붐이 불어닥치면서 첨단 정보통신(IT)업계에 AI용 정밀 반도체 확보 전쟁이 일어나고 있다고 월스트리트저널(WSJ)가 29일(현지시간) 보도했다. 
 
 
AI용 반도체는 기억과 저장, 자율적 학습 능력을 갖춘 AI의 혈관과도 같은 부품으로, 현재까지 반도체기업 엔비디아가 독점 생산하고 있다. 
 
연산능력만 갖춘 기존 컴퓨터.."
49,"시가 150억원 상당의 필로폰을 태국에서 밀반입해 국내에 유통한 일당이 경찰에 붙잡혔다. 
 
경기북부경찰청 마약수사대는 필로폰을 밀수입해 유통한 혐의(마약류 관리에 관한 법률 위반)로 국내 밀수총책인 40대 태국인 A씨 등 4명을 구속하고, 마약운반책인 20대 B씨와 마약투약자 등 22명을 불구속 입건했다고 18일 밝혔다. 
 
A씨 일당에게 마약을 .."
49,"티티산트 웃타나폰(39)는 지난달 태국 사회를 발칵 뒤집어 놓았다. 현역 경찰서장인데 버젓이 경찰서 안에서 24세 마약 용의자의 얼굴에 비닐봉지를 씌워 고문하다 숨지게 하는 동영상이 폭로됐다.
그에게는 더 추악한 면모가 있었다. 별명이 ‘조 페라리’일 정도로 고급차 사모으기에 열중했다. 또 경찰서장의 월급으로는 상상하기조차 어려운 사치스러운 생활을 하고.."
49,"해외에서 대량의 마약을 밀수입해 국내에서 유통하거나 구매 투약한 일당 26명이 무더기로 경찰에 붙잡혔다. 
 
 경기북부경찰청 마약수사대는 마약류 관리에 관한 법률 위반 등의 혐의로 40대 태국인 A씨 등 26명을 검거하고 이들 중 4명을 구속했다고 18일 밝혔다. 
 
 이들은 지난해 12월부터 태국 등 해외 마약류 공급책으로부터 필로폰을 몰래 사들여.."
49,"#지난 4일 낮 태국 방콕 중심가 수쿰빗. 대마초 판매 가게 앞을 서성이자 직원이 “와서 구경하고 시도해 보고 가라”며 팔을 잡아끌었다. 매장 안에는 이미 한 무리의 관광객이 유리병 속 샘플 향을 맡으며 물건을 고르고 있었다. 가게 직원은 “대마 허가 1주년을 기념해 대폭 할인도 하고 있다”며 대마 조각과 엑기스, 크림 등 상품을 끝없이 진열대 위에 올.."
49,"6일 태국의 한 어린이집 안팎에서 영유아 24명을 포함해 38명을 살해해 전 세계를 충격에 빠뜨린 총기 난사범은 마약 범죄자였다. 범인인 빠냐 캄랍은 마약 소지 혐의로 해고된 전직 경찰관이었다. 그는 사건 당일 마약 혐의로 재판을 받고 나온 직후 범행을 저질렀다. 
 
 이번 참사에서 범죄의 원인 중 하나가 마약이었다는 점에 관심이 쏠리는 것은 태국 정.."
50,"에콰도르의 한 교도소에서 재소자들 간에 수류탄까지 동원된 유혈 충돌이 발생해 최소 100명 이상이 숨졌다. 
 
28일(현지시간) AP통신 등에 따르면 에콰도르 교정 당국은 이날 오전 9시30분쯤 서부 과야스주 과야킬의 교도소에서 총격과 함께 폭동이 시작돼 현재까지 100명 이상이 사망하고 52명이 부상한 것으로 확인했다고 밝혔다. 
 
이 지역의 경찰.."
50,"에콰도르의 한 교도소에서 100명 이상의 사망자가 나온 재소자들 간 유혈 충돌이 발생했다. 
 
 28일(현지시간) AP통신 등에 따르면 에콰도르 교정당국은 이날 오전 서부 과야킬의 한 교도소에서 폭동이 발생해 최소 100명 이상의 사망자가 나왔고, 52명이 부상을 입었다고 밝혔다. 
 
 애초 확인된 사망자 수는 30명대였지만, 지역 경찰들이 교도소 .."
50,"에콰도르의 교도소 안에서 재소자들 간에 유혈 충돌이 벌어져 최소 116명 이상이 목숨을 잃은 것으로 확인됐다.

에콰도르 엘코메르시오는 29일(현지시간) 기예르모 라소 대통령 발표를 인용해 전날 오전 9시30분쯤 서부 과야스주 과야킬의 리토랄 교도소에서 총격과 함께 폭동이 시작돼 재소자 116명이 숨지고 80명이 다쳤다고 보도했다. 라소 대통령은 이날 .."
50,"에콰도르의 한 교도소 안에서 28일(현지시간) 재소자들 간에 수류탄까지 동원된 유혈 충돌이 발생해 116명이 넘게 숨졌다. 
 
 AP통신 등에 따르면 에콰도르 교정 당국은 이날 오전 9시 30분께 서부 과야스주 과야킬의 교도소에서 총격과 함께 폭동이 시작돼 현재까지 최소 116명이 사망하고 80명이 다친 것으로 확인했다고 밝혔다. 
 
 이 지역의 경.."
50,"최소 10명 참수 등 116명 이상 숨져 
대통령 60일 동안 비상사태 선포 
공권력 투입하고 재소자 집회 금지 
대규모 폭동 계속 올해만 세 번째에콰도르의 한 교도소에서 재소자들 간 유혈 충돌로 100명이 넘게 숨지는 폭동이 벌어졌다. 교도소에 수감된 라이벌 갱단이 영역 다툼을 벌인 것인데, 총은 물론이고 수류탄까지 동원돼 에콰도르 역사상 최악의 폭.."
51,"최근 제주시 한 가정집에 배달된 정체불명의 스티커가 든 우편물에서 마약 종류로 분류되는 향정신성의약품인 LSD 성분이 검출됐다.
5일 제주경찰청에 따르면 국립과학수사연구원 제주출장소가 지난달 28일 경찰에 신고된 탄저균 의심 우편물을 정밀 분석한 결과 향정신성의약품인 LSD 성분이 나왔다.
경찰은 이 사실을 최근 구두로 전달받고 우편물이 어떻게 신고자에.."
51,"최근 미국에서 제주시 내 한 가정으로 배달된 정체불명의 우편물에서 마약 종류로 분류되는 향정신성의약품인 LSD 성분이 검출됐다.
 
 
 제주경찰청은 국립과학수사연구원 제주출장소가 지난달 28일 경찰에 신고된 탄저균 의심 우편물을 정밀 분석한 결과 향정신성의약품인 LSD 성분이 나왔다고 5일 밝혔다. 
 
 LSD는 당초 분만 촉진제로 개발됐으나 미국에.."
51,"《“스모크, 스모크!” 13일(현지 시간) 낮 미국 뉴욕 맨해튼의 워싱턴스퀘어파크. 이 공원 서편에서 흑인 남성인 마약 딜러 A 씨와 눈이 마주쳤다. 그는 기자에게 접근해 “여기 와서 물건을 보라”고 손짓했다.“얼마에 팔겠냐”고 묻자 “얼마나 필요하냐. 여기 앉아 봐라”고 재촉했다. 조금 가까이 다가가니 A 씨는 대마초 잎을 손마디 크기로 포장한 걸 보.."
51,"미국 뉴욕시에 최초로 문을 연 합법적인 마리화나 상점이 개점 단 3시간 만에 준비된 제품을 모두 완판했다.
31일(현지시간) 미국 뉴욕타임스, AP 통신 등에 따르면, 지난 29일 뉴욕시 맨해튼의 타운 이스트 빌리지에 마리화나 판매장이 들어섰으며, 최초의 기호용 마리화나 매장인 만큼 높은 관심이 쏟아졌다.
이 매장은 노숙인과 에이즈 환자 등을 돕는 비영.."
51,"미국 뉴욕시에 최초로 문을 연 합법적인 마리화나 상점이 개점 단 3시간 만에 준비된 제품을 모두 완판했다.
31일(현지시간) 미국 뉴욕타임스, AP 통신 등에 따르면, 지난 29일 뉴욕시 맨해튼의 타운 이스트 빌리지에 마리화나 판매장이 들어섰으며, 최초의 기호용 마리화나 매장인 만큼 높은 관심이 쏟아졌다.
이 매장은 노숙인과 에이즈 환자 등을 돕는 비영.."
51,"미국 뉴욕시에 최초로 문을 연 합법적인 마리화나 상점이 개점 단 3시간 만에 준비된 제품을 모두 완판했다.
31일(현지시간) 미국 뉴욕타임스, AP 통신 등에 따르면, 지난 29일 뉴욕시 맨해튼의 타운 이스트 빌리지에 마리화나 판매장이 들어섰으며, 최초의 기호용 마리화나 매장인 만큼 높은 관심이 쏟아졌다.
이 매장은 노숙인과 에이즈 환자 등을 돕는 비영.."
52,"조브넬 모이즈 대통령 암살 용의자들이 잇따라 체포되면서 이들의 신원이나 행적이 드러나고 있다. 다만 이들이 어떻게 암살에 가담하게 됐는지 범행을 사주한 것은 누구인지 여전히 미궁 속이다. 이번 암살 사건으로 혼돈에 빠진 아이티는 미국에 병력 지원을 요청하기도 했다. 
 
모이즈 대통령 피살 이틀이 지난 현지시각으로 지난 9일 기준으로 아이티 경찰에 체포.."
52,"카리브해 섬나라 아이티의 대통령 피살 사태가 국제사회에 큰 파장을 일으키고 있다. 유엔은 이로 인해 난민 증가 등으로 중남미 지역에 정치 불안이 확산할 가능성을 우려, 8일 안전보장이사회를 개최했다. 조 바이든 대통령도 긴급 성명을 발표했다. 
 
조브넬 모이즈(53) 아이티 대통령은 7일 새벽 1시쯤(현지 시각) 수도 포르토프랭스의 사저에 침입한 괴한.."
52,"전 세계를 충격에 빠트린 조브넬 모이즈(53) 아이티 대통령 암살 사건의 배후로 추정되는 인물이 현지 경찰에 붙잡혔다. 미국 플로리다주(州)에서 활동하는 아이티 국적 60대 의사로, 아직 단정할 순 없으나 막후에서 이 사건을 기획한 세력의 실체가 드러난 건 처음이다. 사건 현장 인근에서 체포된 미국인 용의자 2명에 이어, 어떤 식으로든 미국과 연계돼 있.."
52,"카리브해의 섬나라 아이티의 조브넬 모이즈(53) 대통령이 7일(현지시각) 새벽 암살당하면서 아이티 정국은 혼란과 불확실성에 빠져들고 있다. 클로드 조제프 총리 대행은 아이티 전역에 계엄령을 선포하고 국민에게 동요하지 말 것을 당부하고 나섰다. 

 ■ 범인들은 누구? 

 모이즈 대통령은 이날 사저를 습격한 괴한들에게 총격을 당해 숨지고, 부인 마르틴 .."
52,"카리브해 빈국 아이티에서 7일(현지시간) 새벽 대통령 사저에 침입해 조브넬 모이즈 현 대통령을 암살한 용의자들 중 일부가 경찰에 붙잡혔다.
AP통신에 따르면 이날 오후 아이티 경찰은 모이즈 대통령을 살해한 용의자들과 총격전을 벌여 이들 중 4명을 사살하고, 2명을 체포했다. 용의자들에게 인질로 잡혀 있던 경찰관 3명도 오후 늦게 풀려났다. 앞서 프랑 엑.."
53,"미국 법무부가 마약성 진통제 펜타닐 원료 물질을 밀매한 중국 기업과 개인을 기소했다. 중국 외교부는 “‘마약퇴치국가’ 이미지에 먹칠을 했다”고 반발했다. 최근 토니 블링컨 미 국무장관의 방중으로 어렵게 조성된 화해 무드를 무색하게 하는 충돌이다.
24일(현지시간) 블룸버그통신에 따르면 미 법무부는 전날 펜타닐 원료 생산 및 유통, 판매 등의 혐의로 중국.."
53,"미 법무부는 23일(현지 시각) 미국 사회에서 급격히 퍼지고 있는 마약성 진통제 펜타닐을 만드는 데 필요한 화학 원료를 미국으로 밀수한 중국 기업과 중국 국적자들을 기소했다고 밝혔다. 그간 미 정부는 펜타닐의 확산과 관련해 중국 정부의 협조를 공개적으로 요구해왔는데, 이날 기소로 미 중간 긴장이 다시 고조될 것이란 전망이다. 
 
법무부는 이날 펜타닐 .."
53,"미국 법무부가 마약성 진통제 펜타닐 원료물질을 밀매한 중국 기업과 개인을 기소했다. 중국 외교부는 “‘마약퇴치국가’ 이미지에 먹칠을 했다”고 반발했다. 최근 토니 블링컨 미 국무장관의 방중으로 어렵게 조성된 화해 무드를 무색케하는 충돌이다.
24일(현지시간) 블룸버그통신에 따르면 미 법무부는 전날 펜타닐 원료 생산 및 유통, 판매 등 혐의로 중국 후베이.."
53,"조 바이든 미국 행정부가 23일 이른바 ‘좀비 마약’으로 불리는 펜타닐 원료를 미국에 밀수한 중국 기업 4곳과 중국인 8명을 기소했다. 미 정부가 펜타닐 밀수와 관련해 중국 기업 등을 사법 조치한 것은 처음으로, 중국과의 ‘신(新)아편 전쟁’에 시동을 건 셈이다. 중국은 “완전한 불법”이라면서 기소 철회를 요구하며 대응에 나서겠다고 경고했다. 토니 블링.."
53,조 바이든 미국 행정부가 23일 이른바 ‘좀비 마약’으로 불리는 펜타닐 원료를 미국에 밀수한 중국 기업 4곳과 중국인 8명을 기소했다. 미 정부가 펜타닐 밀수와 관련해 중국 기업 등을 사법 조치한 것은 처음이다. 중국은 “완전한 불법”이라면서 기소 철회를 요구하며 대응에 나서겠다고 경고했다. 토니 블링컨 미 국무장관 방중 이후 바이든 대통령이 시진핑(習..
54,"세계적인 멸종위기종인 바키타 돌고래의 운명에 대한 다소 희망적인 조사 결과가 나왔다. 지난 7일(현지시간) AP, 로이터 통신 등 외신은 바키타 돌고래의 개체수를 조사한 결과 10~13마리가 발견돼 간신히 '가문'을 이어가고 있다고 보도했다.
눈주위가 판다와 닮아 '바다의 판다'라고도 불리는 바키타는 세계에서 가장 작은 돌고래이자 가장 귀여운 돌고래로 .."
54,"멸종위기에 몰린 바키타 돌고래가 멕시코를 국제적인 무역 제재로 몰고가고 있는 것으로 알려졌다. 지난 3일(현지시간) AP통신은 바키타 돌고래의 멸종을 막기위해 멕시코 당국이 국제동물보호단체에 보호 계획을 제출했다고 보도했다. 
멕시코 정부의 이같은 계획은 ‘멸종위기에 처한 야생동식물의 국제 거래에 관한 협약’(CITES)에 따른 것으로 이 문제가 해결되.."
54,"중국에 거센 규제강화 바람인 ‘홍색 정풍(整風)운동’이 몰아치고 있다. 당국이 빅테크, 사교육, 연예계, 대학가, 인터넷 등 사회 전반에 대한 기강 잡기에 나서고 있다. 특히 유명 연예인과 팬덤을 향한 칼날은 유독 강력해 “자고 일어나면 새 규제가 나오고 퇴출 연예인 명단 또한 추가된다”는 말이 나온다. 
 
 당초 당국이 알리바바, 텐센트 등 대형 정.."
54,2014년 10월 미국 뉴욕 타임스스퀘어에 등장한 세계 최대 음란물 사이트 폰허브 광고. 광고판이 설치된 호텔 측의 반대로 48시간도 안 돼 철거됐다. #1. 미국 캘리포니아주 베이커스필드에 사는 세리나 플레이테스(19)는 14살 때 짝사랑에 빠졌다. 상대는 한 살 많은 남학생이었다. 남학생은 알몸 동영상을 찍어 보내달라고 했다. 플레이테스는 불안감을 ..
54,"멕시코 바다에만 서식하는 멸종위기종인 바키타 돌고래의 운명에 대한 희망적인 연구결과가 나왔다. 최근 미국 캘리포니아 대학교 샌프란시스코 캠퍼스 연구팀은 바키타의 유전체(게놈)를 분석한 결과 불법 어획만 막는다면 멸종을 막고 개체수를 회복할 수 있다는 연구결과를 국제학술지 '사이언스' 최신호에 발표했다.
이제는 불과 단 10마리가 살아있을 것으로 추정되는.."
55,"인천국제공항으로 향하던 여객기에서 비상문을 열려고 한 혐의를 받는 10대 남성 A군이 지난 20일 오후 구속 전 피의자 심문(영장실질심사)을 받기 위해 인천지법으로 들어서고 있다. 연합뉴스 
 비행 중인 여객기 내에서 비상문을 강제로 열겠다며 소동을 부린 10대가 탑승 전 필로폰을 투약한 것으로 드러났다. 
 
 30일 인천국제공항경찰단에 따르면, 항공.."
55,"“세부 호텔서 현지인 6명과 투약”
비행 중 여객기에서 비상문을 강제로 열겠다며 소동을 부린 10대 승객이 당시 필로폰을 투약한 상태였던 것으로 확인됐다.
30일 인천국제공항경찰단에 따르면 항공보안법 위반과 마약류 관리에 관한 법률 위반(향정) 혐의를 받는 A(19)군은 마약 간이 검사에서 필로폰 양성 반응이 나왔다.
A군은 지난 19일 오전 5시 30.."
55,"필리핀 세부에서 인천공항으로 향하던 여객기에서 비상문을 강제로 열려다 붙잡힌 10대는 필로폰을 투약한 상태였던 것으로 확인됐다. 
 
 30일 인천국제공항경찰단에 따르면 항공보안법 위반과 마약류 관리에 관한 법률 위반(향정) 혐의를 받는 A(19)군은 마약 간이 검사에서 필로폰 양성 반응이 나왔다. 
 
 구속된 A군은 지난 19일 오전 5시30분쯤 필.."
55,"비행 중인 여객기에서 비상문을 강제로 열겠다며 소동을 부렸던 10대 승객이 여객기 탑승 이틀 전 필리핀 현지인들과 함께 필로폰을 투약했다고 진술한 것으로 파악됐다. 
 
 30일 인천국제공항경찰단에 따르면 항공보안법 위반과 마약류 관리에 관한 법률 위반(향정) 혐의를 받는 A(19)군은 마약 간이 검사에서 필로폰 양성 반응이 나왔다. 
 
 A군은 지난.."
55,"비행 중인 여객기에서 비상문을 강제로 열겠다며 소동을 부렸다가 붙잡힌 10대 승객은 필로폰을 투약한 상태였던 것으로 확인됐다. 
 
 30일 인천국제공항경찰단에 따르면 항공보안법 위반과 마약류 관리에 관한 법률 위반(향정) 혐의를 받는 A(19)군은 마약 간이 검사에서 필로폰 양성 반응이 나왔다. 
 인천국제공항으로 향하던 여객기에서 비상문을 열려고 한.."
56,"‘콜롬비아 마약왕’ 파블로 에스코바르가 키우던 하마의 후손들이 생태계 교란도 모자라 지역 주민 안전까지 위협해 당국이 골머리를 앓고 있다.
12일(현지시각) AFP 통신 등에 따르면 콜롬비아 환경당국은 파블로 에스코바르에 의해 불법 반입된 하마에서 번식한 하마 중 한 마리가 고속도로에서 차량과 부딪히는 사고가 발생했다고 밝혔다.
무게 1t 규모의 이 하.."
56,"‘콜롬비아 마약왕’ 파블로 에스코바르가 키우던 하마의 개체수가 130마리를 훌쩍 넘기며 콜롬비아 정부의 골칫덩이가 됐다. 현지 정부는 이 하마 떼를 두고 살처분이라는 극약처방을 내릴지 고민 중이다.
7일(현지시간) AFP통신에 따르면, 콜롬비아 정부는 지난 4일 하마를 외래 침입종 목록에 추가했다. 남미 대륙에서는 외래종인 하마의 개채수가 너무 많아졌고.."
56,"한때 세계 마약시장을 주름잡았던 콜롬비아의 마약왕 파블로 에스코바르(1949~1993)의 ‘유산’ 인 하마 처리의 가닥이 잡혔다. 지난 30일(현지시간) 미국 CNN 등 외신은 콜롬비아 안티오키아 주정부가 350만 달러(약 45억원)를 들여 하마 70마리를 해외 보호구역으로 보낼 것이라고 전했다.
지금은 넷플릭스 드라마 ‘나르코스’로 더 잘 알려진 에스.."
56,"한때 세계 마약시장을 주름잡았던 콜롬비아의 마약왕 파블로 에스코바르(1949~1993)의 '유산'이 현지 생태계를 뒤흔들고 있다는 흥미로운 연구가 나왔다.
지난 18일(현지시간) 미국 CNN 등 현지언론은 과거 에스코바르가 키우던 하마가 현재 약 80마리 이상 불어나 현지 생태계와 인간의 안전에 위협이 되고있다고 보도했다.
지금은 넷플릭스 드라마 ‘나르.."
56,"30여 년 전 세계 마약시장을 주름잡던 콜롬비아의 마약왕 파블로 에스코바르(1949~1993)의 ‘유산’인 하마가 예상보다 훨씬 더 개체수가 많은 것으로 조사됐다. 최근 콜롬비아 알렉산더 폰 훔볼트 생물자원연구소는 마약왕이 남긴 하마의 개체수가 기존 예상보다 2배나 더 많은 181~215마리에 달한다는 조사 결과를 발표했다.
이번 연구팀의 결과는 과거 .."
57,"아이피(IP) 추적이 어려운 다크웹 사이트에 대마 판매 광고를 올리고 유통시킨 마약 판매상들이 무더기로 검거됐다. 광고료로는 비트코인이 활용됐다. 유통된 마약은 대부분 사회관계망서비스(SNS) 접근이 쉬운 젊은 층에게 팔려간 것으로 조사됐다. 
 
 서울경찰청 마약범죄수사대는 25일 대마를 유통 판매자 12명과 이를 사서 투약한 166명 등 총 178명.."
57,"'다크웹'과 사회관계망서비스(SNS)를 이용해 마약을 사고판 이들이 무더기로 적발됐다. 마약 구입자의 대부분은 20~30대였다. 
 
26일 경찰에 따르면 서울경찰청 마약범죄수사대는 다크웹 등을 활용해 대마를 유통 판매한 12명과 이들로부터 대마를 구매해 투약한 166명 등 총 178명을 검거했다. 이 가운데 5명은 구속됐다. 
 
경찰은 피의자들을 검.."
57,"경찰이 다크웹과 사회관계망서비스(SNS)를 이용해 마약을 사고판 사람들을 대거 붙잡았는데 마약 구입자의 90%가 20~30대로 나타났다고 한다. 이 중에는 가상자산으로 마약을 산 사람들도 있었다. 
 
서울경찰청 마약범죄수사대는 25일 다크웹 등을 이용해 마약을 판매한 12명과 이들에게 마약을 산 166명 등 178명을 검거했다고 밝혔다. 경찰은 이번 .."
57,"특정 브라우저로만 접속할 수 있는 음성적 공간인 다크웹과 소셜네트워크서비스(SNS)를 이용해 대마를 판매 투약한 일당이 경찰에 붙잡혔다.
서울경찰청 마약범죄수사대는 25일 대마를 유통 판매한 12명과 이들에게 가상자산(암호화폐)을 송금한 뒤 대마를 매수 투약한 166명 등 178명을 검거하고 이중 5명을 구속했다고 밝혔다. 대마 12㎏, 케타민 합성대마.."
57,"다크웹과 가상자산을 이용해 마약을 투약하고 판매한 일당이 경찰에 붙잡혔다. 경찰은 오는 10월까지 마약류 사범 집중 단속을 이어갈 계획이다. 

25일 서울경찰청 마약범죄수사대는 다크웹과 사회관계망서비스(SNS)를 이용해 대마를 유통하고 판매한 혐의를 받는 12명을 검거했다고 밝혔다. 또한 이들에게 가상자산으로 대마를 구입한 뒤 투약한 166명도 검거했.."
58,"경기 평택경찰서는 마약류 관리에 관한 법률 위반 혐의로 A씨(49)와 B씨(36)를 붙잡아 조사하고 있다고 2일 밝혔다. 
 
경찰은 지난달 31일 오전 6시쯤 한 택시기사로부터 서울 강남구에서 탑승해 인근에서 내린 남녀 손님 2명이 택시에 가방을 두고 내렸다는 유실물 신고를 접수했다. 경찰은 유실물 확인을 위해 가방 안을 살피는 과정에서 필로폰 2ｇ,.."
58,"서울 강남에서 마약이 든 가방을 택시에 두고 내린 남녀 승객 2명이 경찰에 체포됐다. 이들은 잃어버린 가방을 찾기 위해 택시 기사에게 반복해 독촉 문자를 보냈다가 이를 수상히 여긴 택시 기사의 신고로 덜미를 잡혔다. 
 
 2일 경기 평택경찰서는 마약류 관리에 관한 법률 위반 혐의로 남성 A(49)씨와 여성 B(36)씨를 붙잡아 조사 중이라고 밝혔다. .."
58,"마약이 든 가방을 택시에 두고 내린 승객이 경찰에 붙잡혔다.

경기 평택경찰서는 마약류 관리에 관한 법률 위반 혐의로 남성 A씨(49)와 여성 B씨(36)를 붙잡아 조사중이라고 2일 밝혔다.

경찰은 지난달 31일 새벽 한 택시 기사로부터 서울 강남구에서 탑승해서 인근에 내린 남녀 손님 2명이 택시에 가방을 두고 내렸다는 유실물 신고를 접수했다. 경찰은.."
58,"사진=게티이미지뱅크 
 마약이 든 가방을 택시에 두고 내린 승객이 경찰의 탐문 수사로 체포됐다. 
 
 경기 평택경찰서는 마약류 관리에 관한 법률 위반 혐의로 남성 A(49) 씨와 여성 B(36) 씨를 붙잡아 조사하고 있다고 2일 밝혔다. 
 
 앞서 경찰은 지난달 31일 새벽 한 택시 기사로부터 서울 강남구에서 탑승해서 인근에 내린 남녀 손님 2명이 .."
58,"경찰, 마약 두고 내린 남녀 체포 
마약 간이검사서 둘 다 양성반응 
택시 기사가 지구대서 유실물 신고
마약이 든 가방을 택시에 두고 내린 40대 남성과 30대 여성이 경찰에 체포됐다.
경기 평택경찰서는 마약류 관리에 관한 법률 위반 혐의로 남성 A(49)씨와 여성 B(36)씨를 붙잡아 조사하고 있다고 2일 밝혔다.
앞서 지난달 31일 새벽 한 택시 기.."
59,"학교 폭력 논란, 배구계 넘어 확대 
이재영 이다영, 국가대표 자격 박탈 
삼성화재 박상하, 학폭 인정하고 은퇴 
야구계 연예계로도 번져 사회문제로 
경찰청장 “학교 폭력, 철저 신속 조사” 

배구계에서 시작된 학교 폭력 논란이 체육계를 넘어 연예계 등으로 확대되며 들불처럼 번지고 있다.
앞서 여자 프로배구 흥국생명의 이재영 이다영 쌍둥이 자매가 학창.."
59,"요즘 학교폭력(학폭) 이슈들이 불거지면서 학폭에 대한 관심이 어느 때보다 뜨겁다. 한 고위공직자 자녀의 학폭 사건이 수면 위로 떠올랐고, 학폭 피해자의 복수를 다룬 한 드라마의 인기와 함께 해당 작품의 PD가 학폭 가해자였다는 뉴스가 보도되면서 논란이 일기도 했다. 학폭을 겪었던 한 유명 유튜버의 피해 경험담이 공개되기도 했다. 
 
 학폭 이슈는 적절.."
59,"라이더 추적 조회 252만회 넘어 
후원금 보내며 ‘시민 영웅’ 응원 
“범죄 수법 알려줘 예방에 도움” 
“점점 변질돼 무고한 피해 우려” 
“사법 불신 탓 모방범죄 위험”
대학생 강현서(23)씨는 얼마 전부터 길거리 불법촬영(몰카)범을 쫓는 유튜버 채널을 구독하기 시작했다. 강씨는 자신도 불법촬영 피해를 당할 수 있다는 걱정에 일부러 관련 영상을 .."
59,"위법현장 신고 검거 실시간 송출 
 
수십만 구독 수백만 조회 열광 
후원금 보내며 ‘시민 영웅’ 응원 
“범죄 수법 알려줘 예방에 도움” 
“점점 변질돼 무고한 피해 우려” 
“사법 불신 탓 모방범죄 위험”
대학생 강현서(23)씨는 얼마 전부터 길거리 불법촬영(몰카)범을 쫓는 유튜버 채널을 구독하기 시작했다. 강씨는 자신도 불법촬영 피해를 당할 수 있.."
59,"이태원 참사 희생자와 그 가족들에 대해 혐오를 부추기는 말과 행동이 이어지고 있습니다. 4대 종단 종교인들은 최근 시민분향소를 지키며 고통을 삼키고 있는 어느 희생자 어머니가 면전에 쏟아지는 조롱에 충격을 받아 실신하는 사건까지 있었다고 지난 21일 밝혔습니다.

하지만 이는 장삼이사들만의 얘기가 아닙니다. 누구보다 이들을 말려야 할 사람들이 오히려 군.."
60,"20년간 런던을 장악하고 있던 폭력조직의 보스 핀 월리스가 살해당한다. 라이벌 조직의 음모도 아니고, 대단한 킬러의 솜씨도 아니었다. 알바니아 갱단 구역의 낡은 아파트를 찾은 핀에게 총을 쏜 것은, 트레일러에 살고 있는 웰시 트래블러 집단의 청년이다. 우연이나 실수였을까? 아니면 배후에 누군가 있는 것일까? 핀의 아들인 션은 반드시 범인을 찾아, 모든 .."
60,"이탈리아 마피아들에게 코로나 팬데믹(유행병)은 위기가 아닌 기회인 걸까. 코로나 감염증 사태를 틈타 이탈리아에선 마피아가 경제 장악력을 높이며 활개치고 있고, 이같은 범죄 조직의 영향력 확대는 이탈리아뿐 아니라 전세계로 번지고 있다고 미 CNN이 19일(현지 시각) 보도했다.
 
 
 
 
이달 초 이탈리아 메시나의 한 마을에서는 대규모 장례식이 엄수됐.."
60,"이탈리아 최대 조직 은드랑게타

경찰, 근거지 150여곳 동시급습

2500만 유로 상당 자산 압수도



유럽 8개국 경찰이 3일 이탈리아 최대 마피아 조직 ‘은드랑게타’의 근거지 150여 곳을 동시다발적으로 급습해 조직원 100명 이상을 체포했다. ‘유레카 작전’으로 명명된 이번 급습으로 유럽 경찰은 마피아 조직의 마약 밀수와 유통, 돈세탁 방법 등.."
60,"세계에서 가장 큰 범죄 조직 중 하나인 이탈리아 최대 마피아 조직 ‘은드랑게타’가 유럽 전역의 경찰에 소탕돼 조직원 150여명이 체포됐다. 4년 전 벨기에의 코카인 밀수업자로부터 시작된 수사는 이탈리아 독일 프랑스 등 유럽 주요국이 공조하면서 ‘유레카 작전’으로 확대됐고, 유럽 범죄 사상 가장 큰 수사 성과를 올렸다. 은드랑게타의 마약 밀수 및 돈세탁 .."
60,"유럽 8개국 경찰이 3일(현지 시간) 이탈리아 최대 마피아 조직 ‘은드랑게타’의 근거지 150여 곳을 동시다발적으로 급습해 조직원 100명 이상을 체포했다. 중요 인물을 다수 체포한 데 이어 300여억 원에 이르는 자산을 압수했다. 특히, 이번 작전을 통해 ‘은드랑게타’가 어떻게 마약을 밀수하고 돈세탁하는지 밝혀낸 것이 주요 성과로 꼽힌다.



로이터.."
61,"서울 노원구가 스마트도시통합운영센터의 CCTV 모니터링을 통해 마약 거래자를 검거했다. 
 
3일 노원구에 따르면 스마트도시통합운영센터 CCTV 관제 요원은 지난달 30일 오전 1시 5분쯤 아파트 상가 앞에서 지나가는 사람을 두리번거리며 살피는 등 수상한 행동을 하는 남성 A씨를 포착했다. 
 
심상치 않은 상황을 직감한 관제요원은 CCTV를 확대해 A.."
61,"서울 노원구가 스마트도시통합운영센터의 폐쇄회로(CC)TV 모니터링을 통해 마약 거래자를 검거했다고 3일 밝혔다.
구에 따르면 지난달 30일 오전 1시 5분쯤 스마트도시통합운영센터 CCTV 관제요원 김모(48 여)씨의 눈에 아파트 상가 앞에서 수상한 행동을 하는 한 남자가 포착됐다. 김 관제요원은 CCTV를 확대해 이 남자를 따라가며 관찰했다. 16분 뒤.."
61,"지난달 30일 오전 1시5분쯤 서울 노원구 스마트도시통합운영센터의 폐쇄회로(CC)TV 화면에 거동이 수상한 남성이 포착됐다. 이 남성은 중계동 아파트 인근 상가 앞에서 두리번거리며 지나가는 사람을 살피고 있었다. 

이를 유심히 보던 관제요원은 ‘뭔가 수상하다’고 느꼈다. 그는 곧바로 CCTV 화면을 확대해 이 남성의 동선을 따라가면서 유심히 관찰했다..."
61,"심야에 아파트 상가 앞에서 몰래 마약 거래를 하던 사람들이 경찰에 덜미를 잡혔다. 모니터 요원이 CCTV에 찍힌 거래자들의 수상한 행동을 포착한 것이 결정적이었다. 
 
서울 노원구(구청장 오승록)는 스마트도시통합운영센터의 CCTV 모니터링을 통해 마약 거래자를 검거했다고 3일 밝혔다. 지난달 30일 새벽 1시5분쯤 스마트도시통합운영센터 CCTV 관제 .."
61,"서울 노원구 스마트도시통합운영센터가 또 한차례 빛을 발했다. 2011년부터 7000건이 넘는 범죄 예방 검거 실적을 자랑하는 운영센터에서 이번에는 기초 지자체 CCTV 관제센터 가운데 처음으로 마약 거래자를 잡아내는 실적을 거뒀다. 
 
3일 노원구에 따르면 스마트도시통합운영센터를 통해 지난달 말 마약을 거래하던 현행범을 체포했다. 1월 30일 새벽 1.."
62,"주거밀집지역까지 침투해 전문적으로 대마를 재배하고 생산하던 마약사범이 재판에 넘겨졌다. 서울중앙지방검찰청 마약범죄 특별수사팀(팀장 신준호 부장검사)은 마약류 관리에 관한 법률 위반 혐의로 A씨 등 4명을 구속기소했다고 13일 밝혔다. 
 




 대마 재배용 텐트를 촬영한 모습. 사진 서울중앙지검 제공



 


검찰에 따르면, 피고인 A씨와 B씨는.."
62,"경찰청은 양귀비 개화기와 대마 수확기에 맞춰 다음달부터 7월까지 양귀비 대마 불법 재배를 집중 단속한다고 28일 밝혔다. 
 
 경찰에 따르면 지난해 양귀비 불법 재배로 검거된 인원과 압수량이 1032명 10만9108주, 대마는 263명 484주였다. 
 
 양귀비는 진액으로 마약류인 아편을 만들 수 있어 당국 허가를 받지 않은 재배를 금지하고 있다. .."
62,"경북경찰청은 본격적인 양귀비 개화기(4월 6월)와 대마 수확기(6월 7월)를 맞아 경북지역 내 양귀비‧대마 밀경 사범에 대한 집중단속에 나서 한 달 동안 59명을 적발하고 불법으로 재배한 양귀비와 대마 7383주를 압수했다고 21일 밝혔다. 
 
이번 집중단속에서 적발된 피의자들은 모두 마약류취급 승인을 받지 않은 사람들로, 양귀비나 대마를 키우는 행위.."
62,"집 근처 비닐하우스에서 양귀비를 재배한 60대 남성이 경찰에 불구속 입건됐다. 이 남성은 양귀비 2450주를 몰래 기르다 적발됐다. 또 다른 70대 여성은 뒷마당에서 대마 1410주를 키우다 경찰의 단속에 걸렸다. 
 
 경북경찰청은 양귀비 대마 불법 재배 사범에 대한 집중단속에 나서 59명을 적발했다고 21일 밝혔다. 또 불법으로 재배한 양귀비와 대마.."
62,"집 주변 텃밭이나 뒷마당에서 마약용 양귀비와 대마를 재배해 온 59명이 무더기로 경찰에 적발됐다. 
 
경북경찰청은 19일 마약류 취급 승인을 받지 않고 불법으로 주거지 인근 텃밭 비닐하우스나 뒷마당에서 마약용 양귀비와 대마를 키운 혐의(마약류관리법 위반)로 A씨(61) 등 59명을 입건했다. 
 
이들이 불법 재배한 양귀비와 대마는 총 7383주에 달.."
63,"전두환 전 대통령의 손자 전우원(27)씨에 대한 국립과학수사연구원(국과수) 정밀 감정에서 마약 양성 반응이 나온 것으로 알려졌다.
14일 경찰에 따르면 서울경찰청 마약범죄수사대는 최근 국과수로부터 전씨에 대한 마약 정밀 감정 결과를 통보받았다. 앞서 실시된 간이 검사에서는 음성 반응이 나왔으나, 정밀 감정에서는 마약 양성 반응이 나온 것으로 전해졌다.
.."
63,"경찰, 전 씨가 ‘마약 투약’ 지목한 지인 3명 ‘입국 시 통보’ 조치



전두환 전 대통령의 손자 전우원(27) 씨가 마약류를 투약했다는 국립과학수사연구원의 감정 결과가 나왔다.



14일 경찰에 따르면, 서울경찰청 마약범죄수사대는 최근 국과수로부터 전 씨의 마약 투약 여부에 대한 정밀 감정에서 ‘양성’이 나왔다는 결과를 통보받았다.



경찰은 .."
63,"전두환 전 대통령의 손자 전우원(27)씨가 마약류를 투약했다는 국립과학수사연구원의 감정 결과가 나왔다. 
 
 14일 경찰에 따르면 서울경찰청 마약범죄수사대는 최근 국과수로부터 전씨의 마약 정밀 감정에서 양성이 나왔다는 결과를 통보받았다. 
 전직 대통령 고(故) 전두환 씨의 손자 전우원 씨. 연합뉴스 경찰은 지난달 28일 미국에서 입국한 전씨를 인천국.."
63,"전직 대통령 전두환씨의 손자인 전우원씨(27)가 마약류를 투약했다는 국립과학수사연구원(국과수)의 감정 결과가 나왔다.

14일 경찰에 따르면 서울경찰청 마약범죄수사대는 국과수로부터 전씨의 마약 정밀 감정 결과 양성이 나왔다고 통보받았다. 지난달 28일 미국에서 입국한 전씨는 인천국제공항에서 체포된 당일 실시한 간이 검사에서는 음성 판정이 나왔다. 하지만.."
63,"전두환 전 대통령 일가에 대한 폭로성 발언을 이어오고 있는 전 전 대통령의 손자 전우원(27)씨가 마약류를 투약했다는 국립과학수사연구원 감정 결과가 나왔다.
14일 경찰에 따르면 서울경찰청 마약범죄수사대는 최근 국과수로부터 전씨 마약 정밀 감정에서 양성이 나왔다는 결과를 전달받았다.
경찰은 지난달 28일 인천국제공항으로 입국한 전씨를 체포한 뒤 서울청 .."
64,"이탈리아 토스카나주(州) 정부에서 이와 관련한 법안을 최근 상원 사법위원회에 제출해 주목을 받고 있다고 일간 라 레푸블리카가 21일(현지시간) 보도했다. 
 
법안의 취지는 수형자가 교도소 내 별도 구역에 마련된 방에서 최대 24시간 부인 또는 파트너와 함께 시간을 보낼 수 있도록 하자는 것이다. 이 시간 동안에는 교도관이나 경찰 간섭 없이 마치 집에 .."
64,"이탈리아 트라파니의 한 감옥. 뉴스1 이탈리아에서 교도소에 복역 중인 수형자들도 부부 관계를 허용하는 법안이 다시금 주목받고 있는 것으로 알려졌다. 
 
 21일(현지시간) 이탈리아 현지 언론 일간 라 레푸블리카에 따르면 토스카나주 정부는 이와 관련한 법안을 최근 상원 사법위원회에 제출했다. 
 
 법안은 모범 수형자가 교도소 안팎의 별도 구역에 마련된.."
64,"이탈리아 4대 마피아 중 하나인 카모라의 첫 여성 두목 아순타 마레스카가 86세 나이로 사망했다고 영국 일간 가디언 등이 30일(현지시간) 보도했다. 
 
 지역 미인대회 출신으로 '푸페타'(작은 인형)라고도 불렸던 마레스카는 1950년대 중반 18세 나이로 나폴리에서 남편을 죽인 살인범을 총으로 살해해 명성을 얻었다. 
 
 그 살인범은 다름 아닌 카.."
64,"이탈리아 4대 마피아 중 하나인 카모라의 첫 여성 두목 아순타 마레스카(86)가 사망했다고 영국 일간 가디언 등이 지난달 30일(현지 시각) 보도했다. 
 
마레스카는 지역 미인대회에서 우승하며 ‘푸페타(작은 인형)’라고도 불렸다. 1955년 18세 나이로 나폴리에서 당시 카모라의 두목 안토니오 에스포지토를 권총으로 살해했다. 에스포지토는 마레스카의 남.."
64,"이탈리아 4대 마피아 중 하나인 카모라의 첫 여성 두목 아순타 마레스카가 86세 나이로 사망했다.
지난달 30일(현지시간) 영국 일간 가디언 등에 따르면, 마레스카는 악명높은 암거래상의 딸로 태어났다. 그는 지역 미인대회에서 우승하면서 ‘푸페타’(Pupetta, 작은 인형)라고도 불렸다.
마레스카는 18살이던 1955년 자신의 남편을 죽이라고 명령한 것.."
65,"가족을 둘러싼 각종 의혹을 제기하고 자신의 마약 투약에 대해 폭로성 발언을 해 온 전두환 전 대통령의 손자 전우원(27)씨가 28일 입국 직후 마약 투약 혐의로 경찰에 체포됐다.
서울경찰청 마약범죄수사대는 이날 오전 6시쯤 인천국제공항으로 입국한 전씨의 신병을 확보해 서울청 마포청사로 압송했다. 경찰은 전씨를 상대로 모발 소변 검사 등 마약류 투약 혐의.."
65,"마약 투약 혐의로 경찰에 체포된 전직 대통령 고(故) 전두환 씨의 손자 전우원(27) 씨가 29일 오후 석방됐다.



서울경찰청 마약범죄수사대는 이날 오후 7시 55분쯤 피의자 조사를 마무리하고 마포경찰서에서 전 씨를 석방했다. 경찰 조사 36시간 만이다.



경찰은 전날 오전 인천국제공항으로 입국한 전 씨를 체포했다. 구속영장 신청을 고민하던 경찰.."
65,"28일 오전 입국한 전두환 전 대통령 손자 전우원(27)씨가 인천공항에서 경찰에 체포됐다. 
 
서울경찰청 마약범죄수사대는 이날 오전 6시 전씨가 인천국제공항으로 입국한 직후 신병을 확보해 압송했다. 경찰은 최근 전씨를 피의자 신분으로 전환하고 전날 전씨의 체포 압수수색 영장을 발부받았다. 
 
인천공항에서 취재진 앞에 선 전씨는 “저 같은 죄인이 한국.."
65,"경찰이 전두환 전 대통령 일가를 둘러싼 각종 의혹과 자신의 마약 투약에 대해 폭로해온 손자 전우원(27)씨를 상대로 강제수사에 착수하면서, 전씨의 광주행이 불투명해졌다. 
 
경찰은 28일 오전 전씨가 입국하는 대로 인천국제공항에서 신병을 확보해 마약 투약 혐의 수사에 들어간다. 서울경찰청 마약범죄수사대는 최근 전씨를 피의자 신분으로 전환하고 전날 전씨.."
65,"마약 투약 혐의로 경찰 조사를 받은 고 전두환씨 손자 전우원(27)씨가 29일 저녁 석방됐다. 석방 직후 전씨는 5 18 민주화 운동 유가족과 피해자를 만나겠다며 광주로 향했다.



전씨는 이날 저녁 7시55분께 서울경찰청 마약범죄수사대가 진행한 피의자 조사를 마치고 석방됐다. 전날 아침 6시께 인천국제공항에 입국해 마약류관리법 위반 혐의로 체포된 지.."
66,"검찰이 청소년에게 마약을 공급하면 최고 사형까지 구형할 방침을 세우고 근절 대책을 내놨다. 
 
대검찰청은 30일 “청소년에게 마약을 공급하거나 유통에 가담시킨 사범, 청소년과 함께 마약을 투약한 사범에 대해 구속 기소를 원칙으로 하고 현행법의 가중처벌 조항을 적용해 최고 사형 무기징역까지 구형할 것”이라고 밝혔다. 
 
청소년도 마약 공급망을 구축하거.."
66,"초강경 대응책 내놔 ""마약 공급망 구축한 청소년도 엄단""검찰이 청소년에게 마약을 공급하는 범죄자에게 최고 사형까지 구형하는 초강력 대응책을 내놨다. 



대검찰청은 30일 △청소년에 마약을 공급한 사범 △청소년을 마약 유통에 가담시킨 사범 △청소년과 함께 마약을 투약한 사범에 대해 구속기소를 원칙으로 하고, 현행법의 가중처벌 조항을 적용해 최고 사형.."
66,"연합뉴스 
 검찰이 청소년에게 마약을 공급하는 범죄자에게 최고 사형까지 구형하는 특단의 조치를 내놨다. 
 
 대검찰청은 ▲청소년에 마약을 공급한 사범 ▲청소년을 마약 유통에 가담시킨 사범 ▲청소년과 함께 마약을 투약한 사범에 대해 구속 기소를 원칙으로 하고 현행법의 가중처벌 조항을 적용해 최고 사형 무기징역까지 구형할 방침이라고 30일 밝혔다. 
 
.."
66,"검찰이 청소년에게 마약을 공급하는 범죄자에게 최고 사형까지 구형하는 특단의 조치를 내놨다. 
 
 대검찰청은 ▲청소년에 마약을 공급한 사범 ▲청소년을 마약 유통에 가담시킨 사범 ▲청소년과 함께 마약을 투약한 사범에 대해 구속기소를 원칙으로 하고 현행법의 가중처벌 조항을 적용해 최고 사형 무기징역까지 구형할 방침이라고 30일 밝혔다. 
 사진=뉴스1 또한.."
66,"검찰이 청소년에게 마약을 공급하는 범죄자에게 최고 사형까지 구형하는 특단의 조치를 내놨다. 
 
 30일 대검찰청은 ▲청소년에 마약을 공급한 사범 ▲청소년을 마약 유통에 가담시킨 사범 ▲청소년과 함께 마약을 투약한 사범에 대해 구속기소를 원칙으로 하고 현행법의 가중처벌 조항을 적용해 최고 사형 무기징역까지 구형할 방침이라고 밝혔다. 
 
 또한 청소년일.."
67,"콜롬비아에서 역사상 첫 좌파 대통령이 탄생했다. 중남미 핑크타이드(좌파물결)가 또 다시 확인되면서 국제 정세의 변수가 될수 있을지 주목된다. 

엘파이스에 따르면 19일(현지시간) 치러진 콜롬비아 대선 결선 투표에서 좌파 연합 ‘역사적 조약’의 구스타보 페트로 후보(62)는 50.5%를 얻어 47.3%를 얻은 무소속 로돌포 에르난데스 후보(77)를 누르.."
67,"경제난에 신음하고 있는 중남미 콜롬비아에서 사상 최초로 좌파 대통령 선출이 유력해지고 있다. 콜롬비아와 브라질이 정권 교체에 성공하면 중남미 주요 6개국(브라질, 멕시코, 아르헨티나, 콜롬비아, 칠레, 페루)에 모두 좌파 정권이 들어서게 된다.
29일(현지시간) 콜롬비아 선거당국에 따르면, 이날 치러진 대선 1차 투표에서 좌파 연합 ‘역사적 조약’의 후.."
67,"전통적인 친미 국가였던 콜롬비아에서 게릴라 출신의 좌파인 구스타보 페트로 상원의원이 대통령에 당선됐다. 콜롬비아에서 첫 좌파 정권이 탄생하면서 남미에서 속속 좌파 정권이 탄생하는 흐름을 뜻하는 ‘핑크 타이드’ 현상이 더 가속화될 것으로 보인다.

 콜롬비아 선거관리 당국은 19일(현지시각) 치러진 대통령 선거 결선투표에서 좌파 연합인 ‘역사적 조약’의 .."
67,"남미 콜롬비아는 역사상 좌파 대통령이 집권한 적은 단 한 차례도 없다. 미국과 소련이 각축을 벌이던 냉전 시기 콜롬비아는 미국의 가장 충실한 우방이었으며, 1990년대와 2000년대 중남미에 ‘핑크 타이드’(좌파 바람)가 밀려올 때도 콜롬비아는 예외였다. 이처럼 중남미 ‘우파의 보루’로 불리는 콜롬비아가 사상 첫 좌파 대통령의 탄생을 목전에 두고 있다..."
67,"중남미 내 미국의 최대 우방이자 ‘우파의 보루’로 꼽혀온 콜롬비아에 좌파 정권이 들어설 가능성이 커지고 있다. 콜롬비아는 근현대 역사상 한 번도 좌파가 집권한 적 없는 유일한 중남미 국가다. 29일(현지시간) 대선 1차 투표에서 좌파 후보가 앞서면 역사상 최초로 좌파로 정권교체가 이뤄질 수 있다. 
 
 
 ━
 좌파 페트로, 지지율 40% 여유 있는 .."
68,"호텔 객실에서 마약을 투약한 20대 남성 2명이 경찰에 붙잡혔다. 
 
 인천 미추홀경찰서는 호텔에서 마약을 투약한 A씨 등 20대 남성 2명을 마약류 관리에 관한 법률 위반 혐의로 긴급체포했다고 18일 밝혔다. 
 
 경찰에 따르면 이들은 전날 오후 10시 40분쯤 인천시 미추홀구 주안동에 있는 한 호텔에서 마약류를 투약한 혐의를 받는다. 
 
 마약.."
68,"인천의 한 호텔 객실에서 직접 대마를 키워 동료들과 함께 피운 40대 남성 직원이 경찰에 붙잡혔다. 
 
 인천경찰청 마약범죄수사계는 마약류 관리에 관한 법률 위반 혐의로 A(47)씨 등 호텔 직원 3명을 불구속 입건했다고 23일 밝혔다. 
 
 A씨는 지난해 인천시 중구 영종도 한 호텔 객실에서 재배한 대마를 동료 직원 2명과 함께 피운 혐의를 받고 .."
68,"호텔 객실에서 직접 대마를 키워 동료들과 함께 피운 40대 직원이 경찰에 붙잡혔다. 
 
인천경찰청 마약범죄수사계는 마약류 관리에 관한 법률 위반 혐의로 A(47)씨 등 호텔 직원 3명을 불구속 입건했다고 23일 밝혔다. 
 
A씨는 지난해 인천시 중구 영종도 한 호텔 객실에서 재배한 대마를 동료 직원 2명과 함께 피운 혐의를 받고 있다. 그는 이 호텔.."
68,"인천 한 호텔 객실에서 대마를 직접 재배해 동료들과 나눠 피운 40대 남성이 경찰에 붙잡혔다. 
 
인천경찰청 마약범죄수사계는 마약류관리에 관한 법률위반 혐의로 A씨(47) 등 호텔 직원 3명을 불구속 입건했다고 23일 밝혔다. 
 
경찰에 따르면 A씨는 지난해 인천 중구 영종도 한 호텔 객실에서 키운 대마를 동료 직원 2명과 피운 혐의를 받는다. 
 .."
68,"호텔 객실에서 직접 대마를 키워 동료들과 함께 피운 40대 직원이 경찰에 붙잡혔다. 
 
 인천경찰청 마약범죄수사계는 마약류 관리에 관한 법률 위반 혐의로 A(47)씨 등 호텔 직원 3명을 불구속 입건했다고 23일 밝혔다. 
 
 A씨는 지난해 인천시 중구 영종도 한 호텔 객실에서 재배한 대마를 동료 직원 2명과 함께 피운 혐의를 받고 있다. 
 
 그.."
69,"싱가포르 당국이 유엔(UN) 기구와 인권단체의 반대에도 대마초 밀수범에 대한 사형을 집행했다. 
 
 26일 AP통신 등에 따르면 싱가포르 당국은 이날 오전 대마 밀매로 사형 선고를 받은 싱가포르 국적 탕가라주 수피아(46)를 교수형에 처했다. 
 
 탕가라주는 대마초 1㎏을 밀매한 혐의로 재판에 넘겨져 2018년 사형을 선고받았다. 마약 범죄 처벌 수.."
69,"싱가포르 당국이 마약밀수범에 대해 사형을 집행했다. 
 
26일 AP통신 등 외신에 따르면 싱가포르 당국은 이날 오전 대마 밀매로 사형 선고를 받은 자국민 탕가라주 수피아(46)를 교수형에 처했다. 탕가라주는 대마 1㎏을 밀매한 혐의로 기소돼 2018년 사형을 선고받았다. 마약사범을 엄격하게 처벌하는 싱가포르에서 대마 밀수 규모가 500g을 넘으면 사형.."
69,"싱가포르가 마약을 밀수한 남성에 대한 사형을 집행했다.
26일 AP통신 등 외신에 따르면 싱가포르 당국은 이날 오전 대마 밀매로 사형 선고를 받은 싱가포르 국적 탕가라주 수피아(46)를 교수형에 처했다.
탕가라주는 대마 1㎏을 밀매한 혐의로 기소돼 2018년 사형을 선고받았다. 싱가포르는 대마 밀수 규모가 500g이 넘으면 사형에 처하는 등 마약 범죄 .."
69,"싱가포르 당국이 유엔(UN)과 인권단체의 반대에도 대마초 밀수범에 대한 사형을 집행했다. 
 
26일 AP통신 등에 따르면 싱가포르 당국은 이날 오전 대마 밀매로 사형 선고를 받은 싱가포르 국적 탕가라주 수피아(46)를 교수형에 처했다. 
 
탕가라주는 대마 1㎏을 밀매한 혐의로 기소돼 2018년 사형을 선고받았다. 싱가포르에서는 대마 밀수 규모가 50.."
69,"싱가포르에서 40대 마약밀수범에 대한 사형이 논란 속에 집행됐다. 
 
 26일 AP통신 등 외신에 따르면 싱가포르 당국은 이날 오전 대마 밀매로 사형 선고를 받은 싱가포르 국적 탕가라주 수피아(46)를 교수형에 처했다. 
 
 탕가라주는 대마 1㎏을 밀매한 혐의로 기소돼 2018년 사형을 선고받았다. 
 
 사형수 탕가라주 수피아의 여동생이 대통령에게.."
70,"캠핑장에서 마약을 투약하고 환각 상태에서 난동을 부린 30대 3명이 경찰에 붙잡혔다. 
 
22일 울산 중부경찰서에 따르면 휴일인 지난 21일 오후 5시쯤 울산광역시 중구 한 캠핑장에서 A씨 등 3명이 인사불성 상태로 난동을 부렸다. 1명은 맨발에 웃통을 벗은 채 비틀거리며 화단을 드나들다가 길바닥에 드러누웠고, 다른 2명은 스포츠유틸리티차(SUV)를 .."
70,"주말 대낮 캠핑장에서 강력한 환각을 일으키는 마약을 투약한 뒤 난동을 부린 30대 남성 3명이 모두 집행유예를 선고받았다. 
 
울산지법 제11형사부(재판장 이대로 부장판사)는 14일 마약류관리에관한법률 위반 등의 혐의로 기소된 A씨에게 징역 3년에 집행유예 5년, B씨와 C씨에게 각각 징역 1년에 집행유예 2년을 선고했다. 
 
A씨 등은 지난해 8월.."
70,"주말 대낮 캠핑장에서 마약을 투약하고 난동을 부린 30대 3명이 모두 집행유예를 선고받았다. 
 
울산지법 형사11부(이대로 부장판사)는 14일 마약류 관리에 관한 법률 위반 혐의 등으로 재판에 넘겨진 A씨에게 징역 3년에 집행유예 5년을, B씨와 C씨에게 징역 1년에 집행유예 2년을 각각 선고했다. 
 
친구 사이인 이들은 지난해 8월 울산시 중구의 .."
70,"SBS 유튜브 채널 캡처 
 대낮 캠핑장에서 함께 마약을 투약하고 난동을 부린 30대 3명에게 집행유예가 선고됐다. 
 
 울산지법 형사 11부(이대로 부장판사)는 14일 마약류 관리에 관한 법률 위반 혐의 등으로 재판에 넘겨진 A씨에게 징역 3년에 집행유예 5년을, B씨와 C씨에게 징역 1년에 집행유예 2년을 각각 선고했다. 
 
 친구 사이인 이들은.."
70,"대낮 캠핑장에서 함께 마약을 투약하고 난동을 부린 30대 3명에게 집행유예가 선고됐다.
울산지법 형사11부(부장 이대로)는 14일 마약류 관리에 관한 법률 위반 혐의 등으로 재판에 넘겨진 A씨에게 징역 3년에 집행유예 5년을, B씨와 C씨에게 징역 1년에 집행유예 2년을 각각 선고했다.
친구 사이인 이들은 지난해 8월 울산 한 캠핑장 텐트 안에서 마약을.."
71,"조 바이든 미국 대통령의 차남 헌터 바이든이 탈세 혐의 등으로 기소됐으나 혐의를 인정하는 대신 실형을 모면하는 합의를 미국 법무부와 타결해 파장이 일고 있다. 이번 합의는 최근 연방검찰이 트럼프 전 대통령을 의도적인 국가기밀 보유 등 37개 혐의로 기소한 데 이어 나온 것이라 트럼프 전 대통령과 공화당의 반발과 공세가 예상된다. 


 


법무부가 2.."
71,"조 바이든 미국 대통령의 차남 헌터 바이든이 탈세 혐의 등으로 기소됐으며 혐의를 인정하기로 미국 법무부와 합의했다고 AP통신이 20일(현지시간) 보도했다. 헌터는 마약사용자로서 총기를 불법으로 소지한 혐의에 대해서도 검찰과 합의할 것으로 예상된다. 
 조 바이든 미국 대통령의 차남 헌터 바이든. 로이터연합뉴스 법무부가 이날 델라웨어 연방지방법원에 제출한.."
71,"조 바이든 미국 대통령의 차남 헌터 바이든이 두 건의 탈세와 불법 총기소지 혐의로 기소됐다. 헌터는 검찰과 혐의를 인정하는 대신 구형을 낮추는 합의를 했다. 공화당은 사법 시스템이 편향돼 ‘선택적 정의’를 추구한다며 전면 공세에 나서 바이든 대통령을 압박했다. 지지율 정체 상태인 바이든 대통령 재선 행보에 부담으로 작용할 전망이다. 
 
미 법무부는 2.."
71,조 바이든 미국 대통령의 차남 헌터 바이든이 탈세와 불법 총기 소지 혐의로 기소됐다. 헌터는 징역형을 피하기 위해 혐의를 인정하는 대신 처벌 수위를 낮추기로 법무부와 합의했다. 기업 비리 의혹으로도 수사 선상에 올라 있는 헌터의 이번 기소는 바이든 대통령의 재선 도전에 부담이 될 것으로 보인다. 공화당은 도널드 트럼프 전 대통령을 기소한 법무부가 ‘이중..
71,"공화당 “트럼프와 다른 잣대”
바이든 재선 악재 털기 분석



조 바이든 미국 대통령의 차남 헌터 바이든(사진)이 탈세와 불법 총기 소지 혐의로 기소됐다. 헌터는 징역형을 피하기 위해 혐의를 인정하는 대신 처벌 수위를 낮추기로 법무부와 합의했다. 기업 비리 의혹으로도 수사선상에 올라 있는 헌터의 기소는 바이든 대통령의 재선 도전에 부담이 될 것으로 보.."
72,"브라질 최대 규모로 꼽히는 마약 카르텔 조직원 75명이 땅굴을 파고 파라과이 교도소를 집단 탈옥했다. 
 
 19일 AP통신 등에 따르면 브라질 국경 인근 페드로 후안 카바예로 감옥에서 수감자 75명이 이날 새벽 교도관의 도움을 받아 탈출에 성공했다. 이들이 탈옥한 방에는 땅굴을 판 흔적인 흙주머니 200개가 쌓여 있었다고 BBC는 전했다. 세실리아 페.."
72,"파라과이 교도소에 수감돼 있던 브라질 최대 범죄 조직원 76명이 19일(현지시간) 집단 탈옥했다고 AP 통신 등 외신이 전했다. 
 파라과이 현지 경찰은 페드로 후안 카바예로 시 교도소에서 마약과 무기 밀래 혐의로 수감돼 있던 브라질인 40명과 파라과이인 36명이 교도소 밑으로 판 땅굴을 이용해 외부로 도주했다고 밝혔다. 
 교도소의 화장실에서 시작된 .."
72,"지난 19일(현지시각) 브라질 최대 규모 범죄조직 PCC의 조직원 75명이 집단 탈옥한 가운데, 하루 만에 27명이 추가로 탈옥해 관련 국가 사법당국이 긴장하고 있다. 
 
20일(현지시간) 브라질 언론에 따르면 북부 아크리주 히우 브랑쿠 교도소에서 이날 새벽 수감자 27명이 탈옥했다. 
 
교도소 측은 수감자들이 3ｍ 높이의 담을 넘어 달아났으며, 이.."
72,"브라질 최대 마피아 PCC(Primeiro Comando da Capital) 조직원들이 집단 탈옥을 감행했다. 뉴스포털 G1에 따르면 PCC 조직원 등 수감자 9명은 18일 새벽 브라질 남부 파라나주의 한 경찰서 유치장을 집단으로 탈출했다.
이날 새벽 3시쯤, 파라나주 캄피나 다 라고아 지역 관할 경찰서 앞마당에 수감자 여럿이 나타났다. 유치장을 탈출.."
72,"브라질 최대 규모로 꼽히는 범죄조직원 75명이 땅굴을 파고 파라과이 교도소를 집단 탈옥했다. 
 
19일(현지시각) 브라질 언론에 따르면 파라과이 페드로 후안 카바예로 지역에 있는 교도소에서 이날 새벽 브라질 범죄조직 PCC와 관련된 수감자 75명이 땅굴을 이용해 교도소를 탈옥한 사실이 확인됐다. 이중 40여명은 브라질 국적자로 알려졌다. 
 
교정당국.."
73,"▶이코노미 인사이트 구독하기 http://www.economyinsight.co.kr/com/com-spk4.html



요즘 콘텐츠 제작자를 만나면 ‘구설수를 조심하라’는 말이 마치 인사나 충고처럼 오간다. 연초에나 보는 토정비결 한 구절 같은 이 말에는 달라지는 콘텐츠산업 환경과 그 속에서 겪는 제작자의 고민이 담겨 있다. 콘텐츠산업은 필연적으로 .."
73,"937억300만원.

 중앙선거관리위원회가 밝힌 4 7 재보궐선거 비용이다. 4 7 재보선과 관련한 관심과 뉴스는 서울시장과 부산시장 보궐선거에 집중돼 있지만, 이날 광역의원 8명, 기초단체장 2명, 기초의원 9명을 뽑는 선거도 함께 치러진다. 중앙선관위 자료 등을 토대로 각 선거구에서 재보선이 치러지는 사유를 살펴보면 선출직이 저지른 범죄 때문인 경우.."
73,"WEEKLY BIZ 뉴스레터 구독하기 ☞ https://page.stibee.com/subscriptions/146096 
 
“캐나다에는 합법적이지만 많은 세금이 부과되는 대마 시장과 불법이지만 번성하는 또 다른 대마 시장이 있습니다.” 
 
캐나다의 대마 판매 업체 캐노피 그로스의 데이비드 클라인 최고경영자(CEO)는 토론토스타와의 인터뷰에서 대마 .."
73,"뉴스레터 [스타트업]에서 발송한 콘텐츠입니다. 매주 화/목/금 레터를 발송하는 유료 멤버십입니다. 스타트업 콘텐츠를 모은, 회원 전용 아카이브 [쫌아는아카이브]도 제공합니다. 가입을 원하면 [클릭] 하세요. 네이버에선 이 링크입니다. https://page.stibee.com/subscriptions/143087 
 
@[나는 그때 투자하기로 했다] 코.."
73,"@주3회 발행하는 뉴스레터 [스타트업]입니다. 무료 가입은 https://page.stibee.com/subscriptions/143087 입니다. 
 
 
오늘은 특별 기고입니다. 특허법인 비엘티의 파트너인 엄정한 변리사는 2013년부터 2000곳이 넘는 스타트업들과 일한 경험이 있는 변리사입니다. 마루180, 창업진흥원 등 여러 액셀러레이터에서도 멘.."
74,"경찰이 전두환 전 대통령 일가를 둘러싼 각종 의혹과 자신의 마약 투약에 대해 폭로성 발언을 해온 손자 전우원(27)씨를 상대로 강제수사에 착수했다.
28일 경찰에 따르면 서울경찰청 마약범죄수사대는 전씨가 이날 오전 인천국제공항에 도착하자마자 곧바로 체포영장과 압수수색 영장을 집행했다. 경찰은 전씨를 마포청사로 압송해 마약류 투약 혐의 등에 대한 조사를 .."
74,"경찰이 가족을 둘러싼 각종 의혹과 자신의 마약투약에 대해 폭로성 발언을 해온 전두환 전 대통령의 손자 전우원(27)씨를 28일 체포했다. 서울경찰청 마약범죄수사대는 이날 오전 6시 전씨가 인천국제공항으로 입국한 직후 신병을 확보했다. 
 
 전두환 전 대통령 손자 전우원 씨가 28일 오전 인천국제공항으로 입국, 마약 투약 혐의로 체포된 뒤 서울경찰청 마.."
74,"가족을 둘러싼 비자금 의혹과 자신의 마약 투약 등 폭로성 발언을 이어온 전두환 전 대통령의 손자 전우원(27)씨가 입국 직후 체포됐다. 
 
 서울경찰청 마약범죄수사대는 28일 오전 6시 인천국제공항으로 입국한 전씨의 신병을 확보해 서울청 마포청사로 압송하고 있다. 전씨는 미국 뉴욕 JFK공항에서 인천공항에 도착하는 대한항공 KE086편을 타고 귀국했다.."
74,"경찰이 가족을 둘러싼 각종 의혹과 자신의 마약 투약에 대해 폭로성 발언을 해온 전두환 전 대통령의 손자 전우원(27)씨를 체포했다. 
 
 서울경찰청 마약범죄수사대는 28일 오전 6시 전씨가 인천국제공항으로 입국한 직후 신병을 확보해 압송하고 있다. 
 
 전날 법원에서 체포영장과 신체 압수수색영장을 발부받은 경찰은 전씨를 상대로 마약류 투약 여부를 검.."
74,"경찰이 가족을 둘러싼 각종 의혹과 자신의 마약투약에 대해 폭로성 발언을 해온 전두환 전 대통령의 손자 전우원(27)씨를 28일 체포했다. 서울경찰청 마약범죄수사대는 이날 오전 6시 전씨가 인천국제공항으로 입국한 직후 신병을 확보했다. 
 
 전두환 전 대통령 일가에 대한 폭로성 발언을 해온 손자 전우원 씨가 28일 오전 서울경찰청 마약범죄수사대로 들어서.."
75,"처음 만난 여성에게 “술 깨는 약”이라며 마약 추정 알약을 건넨 20대 남성이 경찰에 붙잡혔다. 
 
서울 중랑경찰서는 10일 마약류관리법 위반 혐의로 남성 A(28)씨를 입건해 조사 중이라고 밝혔다. A씨는 이날 오전 4시 49분쯤 서울 중랑구 소재의 한 술집에서 처음 본 여성 B(35)씨에게 엑스터시 마약으로 추정되는 알약을 건네려 한 혐의를 받고 .."
75,"처음 만난 여성의 술잔에 마약을 넣은 혐의를 받는 20대 남성이 경찰에 붙잡혔다. 
 
2일 경찰에 따르면 서울 서초경찰서는 20대 남성 A씨를 마약류관리법 위반 혐의로 불구속 입건해 조사 중이다. 
 
A씨는 전날 오후 8시20분쯤 서초동의 한 술집에서 상대방 여성의 술잔에 마약성분이 검출된 알약 3알을 넣은 혐의를 받는다. 
 
이 여성은 A씨의 행.."
75,"20대 남성이 술자리에서 처음 만난 여성의 술잔에 마약을 넣은 혐의로 경찰에 붙잡혔다. 
 
 2일 경찰에 따르면 서울 서초경찰서는 마약류관리법 위반 혐의로 20대 남성 A씨를 불구속 입건해 조사하고 있다. 
 
 A씨는 전날인 1일 오후 8시 20분쯤 서울 서초동 한 술집에서 상대 여성의 술잔에 마약 성분이 검출된 알약 세 알을 넣은 혐의를 받는다. .."
75,"술자리에서 처음 만난 여성의 술잔에 마약을 넣은 20대 남성이 경찰에 붙잡혔다. 
 
 경찰은 2일 20대 남성 A씨를 마약류관리법 위반 혐의로 불구속 입건했다. 
 
 A씨는 1일 오후 8시20분쯤 한 술집에서 이날 처음 만난 여성의 술잔에 마약성분이 포함된 알약 3알을 넣은 혐의를 받는다. 
 
 그러나 이를 수상하게 생각한 여성이 주점직원에게 알렸.."
75,"술자리에서 처음 만난 여성의 술잔에 마약을 넣은 남성이 경찰에 붙잡혔다. 
 
 서울 서초경찰서는 2일 20대 남성 A씨를 마약류관리법 위반 혐의로 불구속 입건해 조사하고 있다고 밝혔다. 
 
 A씨는 1일 오후 8시20분쯤 서울 서초동의 한 술집에서 처음 만난 여성의 술잔에 마약성분이 포함된 알약 3알을 넣은 혐의를 받는다. 
 
 이를 수상하게 여긴.."
76,"중고등학생 10명 중 1명이 국가승인통계를 위한 설문조사에서 마약류 진통제 펜타닐 패치 사용 경험이 있다고 답했다. 해외에서 ‘좀비 마약’이라 불릴 정도로 폐해가 심각한 펜타닐이라 충격적인 결과이지만 조사 주체조차도 문항이 단순해 해석에 유의해야 한다는 입장이다.
◇중고생의 펜타닐 패치 사용 경험률 10.4%
여성가족부는 전국 초등학교 4 6학년과 중 .."
76,"청소년 10명 중 1명은 마약류 진통제인 펜타닐 패치를 사용한 적이 있는 것으로 나타났다. 
 
 여성가족부는 전국 초(4 6학년) 중 고등학교에 재학 중인 1만7140명의 청소년을 대상으로 실시한 '2022년 청소년 매체 이용 유해환경 실태조사' 결과를 22일 발표했다. 
 
 조사 결과에 따르면, 청소년의 마약류 진통제(펜타닐 패치) 사용 경험은 1.."
76,"청소년 10명 중 1명이 마약성 진통제인 ‘펜타닐 패치’를 사용한 경험이 있는 것으로 조사됐다. 
 
여성가족부는 전국 초(4 6학년) 중 고등학교에 재학 중인 청소년 1만7140명을 대상으로 실시한 ‘2022년 청소년 매체이용 유해환경 실태조사’ 결과를 22일 발표했다. 이 조사는 청소년 보호법에 따라 2년마다 실시된다. 올해엔 환각성 약물 사용, 온.."
76,"최근 ‘청소년 10명 중 1명이 펜타닐 패치 사용 경험이 있다’는 여성가족부의 최근 조사 결과에 청소년의 펜타닐 남용 논란이 일었다. 이와 관련해 식품의약품안전처는 지난해 펜타닐 패치 처방을 받은 20세 미만 환자는 482명뿐이라고 밝혔다.
여가부 조사 결과의 신뢰성에 의문이 제기되는 지점이다.
‘주사제 외 펜타닐’ 처방 건수 지속 감소
식약처 발표에 .."
76,"‘무지개’ 펜타닐. 미국 마약단속국 홈페이지 캡처 
 청소년 10명 중 1명은 마약성 진통제인 펜타닐 패치를 사용한 경험이 있는 것으로 나타났다. 구입 경로는 94.9%가 병원이었다. 
 
 여성가족부는 지난해 9~11월 전국 초등 4~6학년 및 중 고교 재학 청소년 1만7140명을 대상으로 실시한 ‘매체 이용 유해환경 실태조사’ 결과 이같이 나타났다고.."
77,식품의약품안전처는 8일 “필로폰(메스암페타민)이 전국 34곳 하수처리장 모두에서 검출됐다”고 밝혔다. 이날 발표 내용은 ‘하수역학 기반 불법 마약류 사용행태(20~22년)’에 대한 조사 결과다. 식약처 관계자는 “하수에는 사람 배설물이나 일상 오염물 등이 뒤섞여있다. 이를 분석하면 불법적인 마약 이용 실태 등을 추정할 수 있다”고 말했다. 마약 투약 여..
77,"불법 마약류 ‘필로폰(메스암페타민)’이 전국 34곳 하수처리장에서 3년 연속 검출된 것으로 나타났다. 불법 마약류 사용추정량이 가장 많은 도시는 인천인 것으로 파악됐다. 
 
식품의약품안전처는 이 같은 내용을 담은 ‘하수역학 기반 불법 마약류 사용행태’에 대해 지난 3년간(2020년~2022년)의 조사 결과를 8일 발표했다. 
 
조사에 따르면 필로폰은.."
77,"지난 3년간 전국 하수처리장에서 시료를 채취해 잔류 마약류를 분석한 결과, 필로폰(메스암페타민)이 모든 하수처리장에서 한 곳도 빠짐없이 꾸준히 검출된 것으로 나타났다.
식품의약품안전처는 8일 이러한 내용을 담은‘하수 역학 기반 불법 마약류 사용행태’에 대한 조사 결과를 발표했다.
조사에 따르면 필로폰은 조사 대상 34개 하수처리장 모두에서 3년 연속 검.."
77,"지난 3년간 전국 하수처리장에서 불법 마약류 ‘필로폰’이 꾸준히 검출된 것으로 나타났다. 
 
식품의약품안전처는 8일 이 같은 내용을 담은 ‘하수역학 기반 불법 마약류 사용행태’에 대한 조사 결과를 발표했다. 하수역학은 하수처리장에서 시료를 채취해 잔류 마약류의 종류와 양을 분석하고 하수 유량과 하수 채집지역 내 인구수 등을 고려해 인구 대비 마약류 사.."
77,"전국 하수처리장에서 지난 3년간 시료를 채취해 잔류 마약류를 분석한 결과, 필로폰(메스암페타민)이 모든 하수처리장에서 한 곳도 빠짐없이 꾸준히 검출된 것으로 나타났다. 
 
 식품의약품안전처는 이 같은 내용을 담은 ‘하수역학 기반 불법 마약류 사용행태’에 대한 조사 결과를 8일 발표했다. 
 사진=연합뉴스 조사에 따르면 필로폰은 3년 연속 조사 대상 3.."
78,"불가리스가 코로나19 억제에 효과적이라고 발표한 데 대해 책임을 지고 홍원식 남양유업 회장(71)이 지난 4일 사퇴한 가운데, 한 남양유업 대리점주가 “신뢰 회복 방안 등 사퇴 그 다음이 없다”고 비판했다.

약 14년간 남양유업 대리점을 운영하고 있다고 밝힌 A씨는 5일 MBC 라디오 ‘김종배의 시선집중’에 출연해 “(불가리스 파문 이후) 매출이 30.."
78,"남양유업이 국내 사모펀드(PEF)에 팔린다. 홍원식 전 남양유업 회장은 자신의 지분을 포함해 가족이 보유한 주식을 모두 사모펀드 한앤컴퍼니에 넘기기로 했다. 1964년 창사한 남양유업은 57년 만에 오너 일가와 완전히 결별하게 됐다. 
 
남양유업은 27일 최대주주인 홍원식 외 2명이 보유한 남양유업 주식을 전부 한앤컴퍼니에 양도하는 계약을 체결했다고 .."
78,"‘도넘은 코로나 마케팅’ 역풍 대국민사과서 “물러나겠다”



“자녀에 경영권 안물려줄 것” 

8년전엔 ‘대리점 갑질’ 파문 

이번엔 불매운동에 뒷북 대처 



회견 10분도 안돼 눈물흘리며 

별도 질의 받지 않고 자리 떠



‘불가리스 코로나 효능’ 논란으로 큰 파문을 일으킨 남양유업의 홍원식(71) 회장이 대(對)국민 사과와 함께 회장직을.."
78,"남양유업 홍원식 회장이 '불가리스' 사태 책임을 지고 물러났지만 신뢰 회복은 쉽지 않을 전망이다. 홍 회장은 대국민사과 기자회견에서 ""자식에게 (경영권을) 물려주지 않겠다""고 밝혔다. 하지만 50%가 넘는 지분 매각 여부를 언급하지 않았다. 남양유업은 최대주주인 홍 회장(51.68%)을 포함해 총수 일가 지분이 53.08%에 달해 여전히 영향력을 행사할.."
78,"‘불가리스 사태’로 벼랑 끝에 몰린 남양유업 홍원식(71) 회장이 결국 사퇴했다. 자식에게도 경영권을 물려주지 않겠다고 선언했다. 자사 유제품 불가리스의 코로나19 바이러스 저감 효과를 확인했다고 발표해 논란을 빚은 지 21일 만이다.
홍 회장은 4일 서울 강남구 논현동 남양유업 본사에서 “먼저 온 국민이 코로나로 힘든 시기에 당사의 불가리스와 관련된 .."
79,"영국에서 한 마약상이 치즈 사진 한장을 메시지 서비스에 올렸다가 경찰에 추적당해 검거되는 일이 벌어졌다. 수사당국이 치즈를 들고 있는 손바닥 사진에서 지문을 인식하면서다. 
 
 25일 영국 BBC와 가디언에 따르면 칼 스튜어트(39)는 영국 리버풀에서 헤로인 코카인 등 마약을 공급하려다가 적발돼 지난주 리버풀 왕립 법원에서 13년 6개월 형을 선고받았.."
79,"러시아의 한 여성이 아기 엄마 행세를 하며 마약을 배달하다가 경찰에 덜미를 잡혔다고 20일(현지시간) 영국 일간 텔레그래프가 보도했다. 이 여성은 자신이 기르던 고양이를 아기처럼 보이기 위해 몇 겹씩 아기 옷을 고양이에게 입혔다. 
 
 러시아 경찰이 공개한 영상에 따르면 경찰관이 분홍색 아기 방한복의 지퍼를 열자 아기 대신 어리둥절한 표정의 회색 고양.."
79,"러시아 마약 운반책이 아기 엄마처럼 회색 고양이에 아기 옷을 입히고 그 안에 마약을 숨긴 채 운반하다 러시아 경찰에 붙잡혔다. 
 
마약 밀매업자에게 고용된 여성이 고양이를 이용해 러시아 시베리아 크라스노야르스크에서 우랄 니즈니타길까지 마약을 운반하다 현지 경찰에 붙잡혔다고 20일(현지시간) 영국 일간 텔레그래프가 보도했다. 
 
러시아 경찰이 공개한 .."
79,"아기처럼 옷을 입은 고양이. 러시아 경찰 제공 
 러시아의 한 마약 운반책이 고양이에게 아기 옷을 입혀 엄마로 위장했다. 
 
 20일(현지시간) 영국 일간 텔레그램에 따르면, 러시아 마약운반책이 황당한 수법으로 마약 밀매를 시도했다. 
 
 러시아 경찰이 공개한 영상을 보면, 경찰이 분홍색 겨울용 아기 겉싸개 지퍼를 열자 아기 대신 어리둥절한 표정의 .."
79,"러시아에서 마약 운반책이 아기엄마 행세를 하려고 고양이에 아기 옷을 입히는 방법으로 위장했다가 경찰에 덜미를 잡혔다고 20일(현지시간) 영국 일간 텔레그래프가 보도했다.
러시아 경찰이 공개한 영상을 보면, 경찰이 분홍색 겨울용 아기 겉싸개 지퍼를 열자 아기 대신 어리둥절한 표정의 회색 고양이가 모습을 드러낸다.
고양이는 최소 3겹의 아기 옷은 물론, 아.."
80,"가수 휘성(본명 최휘성 38)이 건물 화장실에서 수면 마취제류를 투약해 쓰러져 경찰이 출동했던 것으로 확인됐다. 휘성은 최근 향정신성의약품인 수면유도제 프로포폴을 상습 투약한 혐의로 경찰 수사를 받고 있다.
 
1일 서울 송파경찰서 등에 따르면 전날 오후 8시 30분쯤 신고를 받고 출동한 경찰과 소방 당국은 서울 송파구 한 건물의 화장실에 한 남성이 쓰.."
80,"가수 휘성이 수면마취제 약물을 투입한 뒤 쓰러진 채 발견됐다. 
 
1일 경찰 등에 따르면 전날 오후 8시 30분 경 서울 송파구의 한 건물 화장실에서 남성 1명이 쓰러져 있다는 신고가 경찰과 소방당국에 접수됐다. 
 
현장에는 비닐봉지와 주사기 여러 개 그리고 액체가 담긴 병 등이 발견됐다고 알려졌다. 
 
경찰은 해당 남성이 가수 휘성이라는 사실을 .."
80,"마약류 투약 혐의로 경찰 수사를 받는 가수 휘성(본명 최휘성 38)이 수면마취제류 약물을 투입한 채 쓰러져 경찰이 출동한 것으로 확인됐다. 
 
1일 경찰 등에 따르면 전날 오후 8시30분쯤 서울 송파구의 한 건물 화장실에 한 남성이 쓰러져 있다는 신고가 경찰과 소방당국에 들어왔다. 
 
현장에서는 비닐봉지와 주사기 여러 개, 액체가 담긴 병 등이 발견.."
80,"마약류 투약 혐의로 경찰 수사를 받는 가수 휘성(본명 최휘성 38)이 수면마취제류 약물을 투약했다 쓰러져 경찰이 출동했다.



1일 경찰 등에 따르면 전날 오후 8시 30분쯤 서울 송파구의 한 건물 화장실에 한 남성이 쓰러져 있다는 신고가 경찰과 소방당국에 접수됐다. 현장에서는 비닐봉지와 주사기 여러 개, 액체가 담긴 병 등이 발견됐다. 이 남성은 의.."
80,"마약류 투약 혐의로 경찰 수사를 받는 가수 휘성(본명 최휘성 38)이 수면마취제류 약물을 투입한 채 쓰러져 경찰이 출동했다는 소식이 전해졌다.
1일 경찰 등에 따르면 전날 오후 8시30분께 서울 송파구의 한 건물 화장실에 한 남성이 쓰러져 있다는 신고가 경찰과 소방당국에 들어왔다.
현장에서는 비닐봉투와 주사기 여러 개, 액체가 담긴 병 등이 발견됐다.
.."
81,"도널드 트럼프〈사진〉 미 대통령이 필리핀 정부가 미 필리핀 합동 군사훈련의 근거가 되는 '방문군 협정(VFA)' 종료를 통보한 데 대해 12일(현지 시각) ""돈을 아낄 수 있게 해줘 매우 고맙다""고 말했다. 
 
트럼프 대통령은 이날 백악관에서 기자들이 로드리고 두테르테 필리핀 대통령이 전날 미국에 VFA 종료 통보를 지시한 것과 관련해 ""솔직히 나는 .."
81,"“두테르테, ‘친중 정책’ 방해물 제거하는 것”“델라 로사 필리핀 상원의원에 대한 미국의 비자 거부를 들먹이는 것은 로드리고 두테르테 대통령의 ‘반미’ 핑계일 뿐이다.”
두테르테 대통령이 미국과의 합동군사훈련의 근거인 방문군협정(VFA) 종료 통보에 관련해 마닐라에 있는 데라살레 대학의 레나토 데 카스트로 교수의 진단이다. 그는 12일 NPR과의 인터뷰.."
81,"필리핀, 前경찰청장 미국 비자 취소되자 ‘방문군 협정’ 종료 통보 
트럼프 대통령 “신경 쓰지 않는다. 많은 돈 아끼게 될 것” 
한국 일본과 미군 놓고 갈등 상황서 방문군 협정 종료는 미국에 타격 
에스퍼 美국방장관, 필리핀 결정에 “잘못된 방향으로 이끌 것” 
 
 
 
도널드 트럼프 미국 대통령은 필리핀이 미국 필리핀 합동 군사훈련의 근거가 되는 .."
81,"도널드 트럼프 미국 대통령이 12일(현지시간) 필리핀과 양국 간 합동 군사훈련의 근거가 되는 방문군 협정(VFA)을 종료하는 데 대해 ""신경 쓰지 않는다""고 밝혔다. 
 
 트럼프 대통령은 이날 백악관에서 만난 기자들이 전날 로드리고 두테르테 필리핀 대통령이 미국에 VFA 종료 통보를 한 것에 대한 입장을 묻자 ""솔직히 말해 나는 그 문제를 그다지 신경.."
81,"미국과 합동 군사훈련의 근거가 되는 방문군 협정(VFA)의 종료를 선언한 필리핀 정부가 중국과 국방 협력 강화를 모색에 나섰다. 
 
13일 필리핀 영문 일간지 필리핀 스타는 펠리몬 산토스 필리핀군 참모총장이 전날 ""미군과의 VFA가 없어도 국가안보가 가능하다""고 말했다고 보도했다. 산토스 참모총장은 이와 함께 ""안보 공백을 메우기 위해 한국과 중국, .."
82,"전쟁 범죄 혐의로 국제 사회의 비판을 받아온 시리아가 아랍연맹(AL) 퇴출 12년 만에 이 기구에 복귀하게 됐다.

아랍연맹은 7일(현지시각) 이집트 카이로에서 외교장관 회의를 열어 시리아를 다시 회원으로 받아들이기로 결정했다고 <로이터> 통신 등이 보도했다. 아랍연맹은 지난 2011년부터 이어지고 있는 시리아 내전에 따른 위기를 해결하기 위해 공동으로.."
82,"아랍연맹(AL)이 17일(현지시간) 12년 만에 국제무대에 복귀하는 바샤르 알아사드 시리아 대통령을 맞이하기 위한 본격적인 준비에 들어갔다. 알아사드 대통령은 오는 19일 사우디아라비아 제다에서 열리는 아랍연맹 정상회의에 참석한다.

2011년 내전 발발과 반정부 인사에 대한 고문, 잔혹한 폭압 정치 등의 이유로 아랍연맹에서 퇴출당했던 알아사드 대통령은.."
82,"‘중동의 학살자’ 바샤르 알아사드 대통령이 이끄는 시리아가 국제무대로 돌아온다. 내전 발발과 반정부 인사에 대한 잔혹한 고문, 무고한 민간인을 겨냥한 독가스 공격 등 갖은 만행으로 2011년 아랍연맹(AL)에서 퇴출당한 지 12년 만에 재가입 길이 열린 것이다.

알아사드 대통령은 12년 동안 진심 어린 사과는커녕 잔혹 행위에 대한 책임을 전혀 지지 않.."
82,"시리아가 12년 만에 아랍연맹(AL) 회원국 자격을 회복했다. 국제사회에서 학살자로 지목되며 ‘왕따’로 전락했던 바샤르 알아사드(57) 대통령이 외교 무대로 복귀할 가능성이 커졌다. 
 
 7일(현지시간) 로이터통신 등에 따르면 아랍연맹은 이날 이집트 카이로에서 비공개 외무장관회의를 열고 “시리아를 아랍연맹에 다시 포함하기로 결정했다”고 밝혔다. 앞서 .."
82,"시리아가 12년 만에 아랍연맹(AL) 회원국 자격을 회복했다. 이에 따라 국제사회에서 학살자로 지목되며 '왕따'로 전락했던 바샤르 알아사드(57) 시리아 대통령이 외교 무대로 복귀할 가능성이 커졌다. 미국과 영국 등 서방 국가들은 시리아 복권을 시도하려는 아랍연맹의 결정에 비판을 쏟아냈다.
 
 
 7일(현지시간) 로이터통신 등에 따르면 아랍연맹은 이날.."
83,"지난 3일 서울 강남구 대치동 학원가에서 미성년 학생들을 대상으로 마약을 섞은 음료를 마시게 하는 사건이 벌어졌다. 아이들이 자주 다니는 대치동 은마아파트 사거리 횡단보도 앞에서 열린 ‘시음회’다. 중간고사 대비 기간이라 학원을 오가는 아이들이 더 많은 때였다. “기억력과 집중력을 올려주는 음료”라며 플라스틱 병을 하나씩 건넸다고 한다. 
 
의심 없이.."
83,"서울 강남구 일대에서 고등학생을 대상으로 음료 시음 행사를 위장해 마약을 탄 음료를 마시게 하는 사건이 발생했다. 경찰은 수도권 등에서 최근 비슷한 사건이 발생했을 가능성이 있다며 주의를 당부하는 한편 용의자 일당 검거에 속도를 내고 있다. 
 
서울 강남경찰서는 3일 오후 6시경 강남구의 한 학원 인근에서 고등학생을 대상으로 마약 성분이 든 음료를 마.."
83,"강남경찰서 제공 
 서울 강남 대치동 학원가에서 무료 시음회를 가장해 학생들에게 '마약 음료수'를 나눠주는 사건이 발생하면서 학생과 학부모들이 온 신경을 곤두세우고 있다. 
 
 연합뉴스에 따르면 자신도 피해자가 될 수 있다는 경계심을 넘어 '공포'를 느끼는 수준이 됐다. 뉴스로만 접해온 마약 사건이 생활 반경에 들어왔다는 생각에 놀랍다는 반응도 많았다.."
83,"강남 학원가에서 학생들에게 음료수 시음 행사를 한다고 속인 뒤 마약 성분이 든 음료(사진)를 마시게 한 사건이 발생해 경찰이 용의자를 쫓고 있다.
서울 강남경찰서는 지난 3일 오후 6시쯤 강남의 한 학원 앞에서 고등학생에게 마약이 포함된 음료를 건넨 40대 남성 A씨와 20대 여성 B씨를 추적 중이라고 4일 밝혔다.
경찰은 이날 오전 시음 행사 중인 음.."
83,"서울 강남 학원가에서 고등학생들에게 마약 성분이 든 음료를 건넨 일당 중 1명이 추가로 자수했다. 
 
 경찰은 사건을 서울 강남경찰서에서 서울경찰청 마약범죄수사대로 넘겨 집중 수사하기로 했다. 
 서울 강남경찰서가 지난 3일 오후 6시께 강남구청역과 대치역 인근 학원가에서 고등학생들에게 마약이 담긴 음료수를 건넨 혐의(마약류관리법 위반)로 40대 여성.."
84,"태국 왕실의 장녀 팟차라끼띠야파 나렌티라텝파야와디(44) 공주가 의식을 잃고 쓰러진 지 일주일째다. ‘파(PA)’ 공주로도 불리는 그는 마하 와찌랄롱꼰(라마 10세) 국왕의 첫째 딸이자 검사 출신이다. 모습을 잘 드러내지 않는 다른 왕실 자녀들과 달리, 적극적인 소통으로 태국 국민들의 사랑을 받았다. 공주의 건강 악화 소식에 실의에 빠진 태국 국민들은 .."
84,"「 용어사전 > 세계한잔 
 
 ※[세계 한잔]은 우리 삶과 맞닿은 세계 곳곳의 뉴스를 에스프레소 한잔처럼, 진하게 우려내 한잔에 담는 중앙일보 국제팀의 온라인 연재물입니다. 
 」 
태국 왕실이 침통한 연말을 보내고 있다. 파(PA) 공주로 불리는 태국 왕실의 장녀 팟차라끼띠야파 나렌티라텝파야와디(44)가 심장 이상으로 쓰러져 일주일 넘게 의식을 찾지.."
84,"태국 왕실 장녀 팟차라끼띠야파 나렌티라텝파야와디 공주(44)가 가슴 통증을 호소하며 쓰러진 지 한 달 넘게 의식을 되찾지 못하고 있다.
공주는 지난달 14일 육군 주최 군견대회에 참가했다가 가슴 통증 등을 호소하며 의식을 잃고 쓰러졌다. 현지에서 응급치료를 받은 후 헬기로 방콕 쭐라롱꼰 병원으로 이송됐으나 아직까지 의식을 되찾지 못했다.
태국 왕실은 9.."
84,"태국 왕실 장녀 팟차라까띠야파 나렌티라텝파야와디(44) 공주가 지난 14일 가슴 통증을 호소하며 쓰러진 뒤 일주일째 의식을 차리지 못하고 있다.
태국 왕실에 따르면 공주는 지난 14일 저녁 북동부 나콘라차시마에서 열리는 군견대회 참가를 위해 반려견을 훈련하던 중 심장에 고통을 호소하며 쓰러져 지역 병원으로 급히 옮겨졌다가 상태가 안정된 후 헬리콥터로 방.."
84,"태국 왕실 장녀 팟차라끼띠야파 나렌티라텝파야와디 공주(44 사진)가 가슴 통증을 호소하며 쓰러진 지 일주일 넘게 의식을 되찾지 못하고 있다.

22일 방콕포스트와 가디언 등에 따르면 공주는 지난 14일 오후 6시20분쯤 나콘라차시마주에서 열린 육군 주최 군견대회에 참가했다가 가슴 통증 등을 호소하며 의식을 잃고 쓰러졌다. 그는 현지에서 응급치료를 받은 .."
85,"고(故) 전두환 전 대통령의 부인 이순자 여사. 연합뉴스 
 전두환 전 대통령의 손자 우원(27)씨가 할머니 이순자 여사로부터 받은 문자 전문을 공개했다. 
 
 앞서 그는 지난달 9일 방송된 MBC 시사 프로그램 ‘PD수첩’에 출연해 조모인 이 여사가 자신에게 보낸 문자 메시지를 공개했었다. 
 
 이 문자에서 이 여사는 손자 우원씨에게 “마약에 손을.."
85,"“저는 전두환의 손자 전우원입니다. 할아버지는 학살자입니다. 제 가족과 주변인들의 범죄 행각을 밝히겠습니다.”
 고(故) 전두환 전 대통령의 손자 전우원(27)씨의 폭로가 이어지며, 전 전 대통령 일가의 환수되지 않은 추징금과 5 18민주화운동에 재차 관심이 쏠리고 있다.
 전 전 대통령의 차남 전재용(59)씨의 아들 우원씨는 ①집안 전체가 비자금을 사.."
85,"고(故) 전두환 전 대통령의 손자 우원(27)씨가 자신의 가족과 주변인들에 대한 폭로를 멈추겠다고 갑자기 선언했다. 그는 이들을 여전히 사랑하며, 재산을 모을 생각도 없으며 가진 것 모두 기부하는 삶을 살겠다고도 했다. 
 
 전씨는 24일 오후 인스타그램 라이브 방송을 켜고 자신의 재산을 기부하겠다는 뜻과 함께 “할아버지(전두환)가 많은 사람을 죽음으.."
85,"전두환 전 대통령의 부인 이순자 여사. 연합뉴스 
 고(故) 전두환 전 대통령의 배우자 이순자 여사가 일가의 비리를 폭로하고 5 18 민주화 운동 피해자들에게 사과한 손자 전우원 씨에게 ‘주제넘게 나서지 마라’며 불쾌감을 드러낸 사실이 뒤늦게 알려졌다. 
 
 MBC가 지난 9일 방송한 시사 교양 프로그램 ‘PD수첩’의 ‘전두환의 숨겨진 재산, 전우원 .."
85,"고(故) 전두환 전 대통령(바로 아래 사진 가운데)의 손자가 사회관계망서비스(SNS)에 할아버지와 부친, 숙부 등 일가 전체를 비난하는 게시물을 올려 파장이 인 가운데, 그의 아버지인 전 전 대통령의 차남 전재용씨는 “우리 아들이 많이 아프다”라며 수습에 나섰다. 
 고(故) 전두환 전 대통령의 손자 전우원씨 인스타그램. 
 15일 연합뉴스에 따르면 전.."
86,"한동훈 법무부 장관과 김의겸 더불어민주당 의원이 7일 국회 법제사법위원회 전체회의에서 정면으로 충돌했다. 
 
김 의원은 경찰이 마약 단속에 집중하느라 ‘이태원 참사’를 막지 못했다는 취지로 한 장관을 공격했다. 
 
이에 한 장관은 “의원님은 모든 게 저로부터 비롯되느냐”며 물러서지 않았다. 
 
김 의원이 ‘공직자로서의 책임감’을 거론하며 역공을 가.."
86,"한동훈 법무장관이 황운하 더불어민주당 의원을 향해 “직업적 음모론자”라고 한 자신의 발언에 대해 결국 유감을 표했다. 
 
 한 장관은 두 차례 파행 끝에 8일 오전 0시 20분에 재개된 국회 예산결산특별위원회 종합정책질의에서 “어제 저의 답변으로 예결위 진행에 차질이 빚어진 데 대해 유감스럽게 생각한다”고 말했다. 
 
 음모론자 발언은 7일 저녁 예.."
86,"김의겸 더불어민주당 의원이 이태원 핼러윈 참사와 관련해 책임론을 주장하자 한동훈 법무부 장관은 “유언비어다”라며 조목조목 맞받았다.
김 의원은 지난 7일 국회 법제사법위원회 전체회의 질의를 통해 “마약 범죄 단속에 집중하느라 참사를 막지 못했다는 지적이 나온다는 질문에 (한 장관이) 비극을 이용해 정치적 장삿속을 채우거나 유언비어를 퍼뜨리는 것을 반대한.."
86,"국회 예산결산특별위원회(예결위)가 7일 한동훈 법무부 장관의 황운하 더불어민주당 의원에 대한 “직업적 음모론자” 발언으로 파행했다.

이날 저녁 국회 예결위 종합정책질의에서 조수진 국민의힘 의원은 “이태원 참사 관련 한 장관이 추진하는 마약과의 전쟁이 원인이라는 주장이 계속 나온다. 황당한 주장”이라고 말했다. 조 의원이 “김어준이 주도해서 민주당이 빨.."
86,⊙ 헌법재판소 <승진> ◇관리관(1급) △심판지원실장 이규현 ◇이사관(2급) △기획재정국장 신승훈 △국제협력 최혁 ◇부이사관(3급) △홍보담당관 하영화 △총무과장 정영주 ◇과장 △AACC지원 박재은 △정보보호 조진훈 △자료조사 김병섭 ◇서기관(4급) △이은애 재판관실 이수정 △심판사무과 이찬주 △총무과 황해훈 △자료조사과 고일권 <전보> ◇국장 △행정..
87,"검찰이 네덜란드 등 해외에서 밀수한 마약을 서울 도심 지역 주택가 460여곳에 숨겨두고 매수자들이 찾아가도록 한 혐의로 30대 남성을 재판에 넘겼다. 
 
서울중앙지검 마약범죄특별수사팀(팀장 신준호 부장검사)은 이모(36 무직)씨를 마약류관리법 위반 혐의로 구속기소했다고 5일 밝혔다. 
 
검찰에 따르면, 이씨는 올해 2 3월 네덜란드에서 들여온 LSD.."
87,"사진=온라인 커뮤니티 캡처 
 최근 숙취해소제 1병, 마스크 1개 등을 5만원에 판매한 대전의 한 약사가 소비자의 환불 요구를 거절해 논란이 된 가운데 과거 선정적인 문구를 약국에 비치해 물의를 빚었던 적이 있는 것으로 드러났다. 
 
 앞서 지난 2019년 천안에서 약국을 운영하며 ‘마약?성욕 약’, ‘사카린?청산가리 밀수’, ‘전문직 女친구함’ 등의.."
87,"경남의 의약분업 예외지역 약국 가운데 의사 처방전이 필요한 한외마약 등 전문 의약품을 불법으로 판매한 약국이 무더기로 적발됐다. 
 
경남도 특별사법경찰은 최근 의약분업 예외 지역에 개설된 약국 18곳을 합동 단속해 지난 2년간 전문의약품 20만정(주사제 포함)을 불법으로 판매한 약국 6곳을 적발했다고 14일 밝혔다. 
 
특사경은 지난달 14일부터 3.."
87,"합성 대마와 비슷한 신종 마약 광고 영상을 유튜브에 올리고 마약 샘플을 담은 광고 전단을 서울 인천 부산 등 대도시 배달업체 사무실에 보내 판매하려한 30대가 경찰에 붙잡혔다. 특히, 이 범인은 가상화폐인 비트코인을 대금으로 받아 거래를 하려한 것으로 밝혀졌다. 
 
부산경찰청 강력범죄수사대는 이같은 혐의로 A(30대)씨를 구속해 검찰로 넘겼다”고 20.."
87,경남도 특별사법경찰은 경남지역 의약분업 예외지역에 개설된 약국 가운데 오 남용 우려가 있는 전문의약품 등을 의사 처방전 없이 불법 판매한 6곳을 적발했다고 14일 밝혔다.경남도 특사경은 지난달 14일부터 30일까지 도내 의약분업 예외지역에 개설된 18개 약국 가운데 의사 처방전이 필요한 전문의약품을 공급받은 약국들을 대상으로 도 식품의약과와 시 군 약사..
88,"길바닥에 떨어진 1달러 지폐에서 마약 성분이 검출되는 사건이 거듭 발생하자 미국 당국이 경고에 나섰다. 
 
14일(현지시간) 미국 CBS 등에 따르면 최근 테네시주에서는 바닥에 떨어진 지폐에서 합성 오피오이드 계열인 펜타닐 등이 발견되는 사건이 잇따라 발생했다. 
 
테네시주 페리 카운티 지역 경찰에 따르면 한 지역 주민이 인근 주유소 바닥에 떨어져 .."
88,"바닥에 떨어진 지폐에서 마약 성분이 잇달아 검출돼 미국 테네시주 당국이 주의를 당부했다. 
 
15일(현지시각) 미국 NBC에 따르면 미국 테네시주는 최근 주민들에게 “바닥에 떨어진 지폐를 줍지 말라”고 경고했다. 
 
앞서 테네시주 페리 카운티 지역 경찰은 인근 주유소 바닥에 떨어진 지폐에서 하얀가루가 발견된 사건이 두 차례 있었다고 밝혔다. 발견 당.."
88,"미국 켄터키주의 한 여성이 바닥에 떨어진 1달러 지폐를 주웠다가 몸이 마비되는 증세를 겪었다. 
 
 12일 뉴욕포스트 등 외신에 따르면 레니 파슨은 최근 가족과 함께 텍사스로 가던 중 테네시주 벨뷰의 한 맥도널드 매장에서 식사를 했다. 그는 화장실에 다녀오던 중 1달러 지폐가 떨어진 것을 발견한 뒤 이를 주웠고, 곧 온 몸이 마비되는 듯한 이상 반응이.."
88,"“자녀들이 돈을 줍지 않도록 교육해주세요.” 바닥에 떨어진 1달러 지폐에서 합성 오피오이드 펜타닐이 발견되는 일이 연달아 발생해 미국 당국이 경고에 나섰다. 펜타닐의 치사량은 2mL로 추정, 적은 양으로도 접촉하는 사람을 죽일 수 있는 악마의 약물이다. 헤로인의 100배, 모르핀보다 200배 이상 더 강력한 것으로 알려졌다.
15일(현지시간) cbs n.."
88,"바닥에 떨어진 1달러 지폐에서 합성 오피오이드 펜타닐이 발견되는 일이 연달아 발생해 미국 당국이 경고에 나선 가운데, 최근 미국 여성이 지폐를 주웠다가 전신마비를 겪는 일이 발생했다.
지난 12일(현지시간) 외신에 따르면 미국 여성 렌 파슨은 지난 일요일 맥도날드에 갔다가 화장실 앞에 1달러짜리 지폐가 떨어진 것을 발견했다. 그는 “횡재했다”고 생각하며.."
89,"이헌승 與 의원 마약중독자 임용 금지 등‘군 마약 근절3법’ 국회 제출

군 마약사건 적발 2020년 9건→2022년 32건 올해는 4월까지만 18건

국방부 입영병사 등 마약류 검사 확대 ‘군 마약류 관리 개선방안’발표



군내 마약류 범죄가 증가하는 가운데 군인들이 1년에 한 번 마약 검사를 받도록 하고, 마약 중독자는 부사관 장교 등으로 임용할 .."
89,"군부대 내부에서 계급을 막론하고 마약 범죄에 적발되는 사례가 많아지고 있다. 군에서 마약 예방교육과 처벌을 강화해야 한다는 목소리가 나오고 있다. 
 
 강대식 국민의힘 의원실이 18일 국방부와 육 해 공군으로부터 받은 자료에 따르면 지난 5년(2016~2020년)간 군 내에서 적발된 마약범죄는 총 59건으로 파악됐다. 육군이 47건으로 가장 많았고, .."
89,"서울역에 군인이 지나가고 있다. 연합뉴스 군 장병의 마약 범죄가 잇따르고 있다. 이병에서 중령에 이르기까지 병사 부사관 장교 등 계급을 막론하고 마약에 손을 대고 있었고, 단순 투약에서부터 판매에 이르기까지 범죄 형태도 다양했다. 
 
 국회 국방위원회 소속 국민의힘 강대식 의원이 18일 국방부와 육 해 공군으로부터 제출받은 자료에 따르면, 2016~2.."
89,"군(軍) 내 마약 범죄가 증가하고 있는 것으로 18일 나타났다. 일선 부대 이병에서 중령에 이르기까지 병사 부사관 장교 등 계급을 막론하고 마약에 손을 대고 있었다. 또 단순 마약 투약에서부터 인터넷 마약 판매, 직접 재배에 이르기까지 범죄 형태도 다양해지고 있는 것으로 나타났다. 
 
국회 국방위원회 소속 국민의힘 강대식 의원이 18일 국방부와 육 해.."
89,"《최근 일상 주변으로 확산되고 있는 마약 범죄에 맞서 검경이 ‘마약과의 전쟁’을 선포했지만 벌써부터 실효성이 높지 않을 것이란 우려의 목소리가 나온다. 마약 사범 수가 급증한 데다 유통 경로도 다크웹, 국제우편 등으로 다변화하면서 과거 방식으로는 한계가 분명한 상황이기 때문이다. 
 
전문가들은 당국이 투약자와 공급책, 밀수조직, 국제 마약조직 등에 기.."
